date,drones,drone_naf,target1,target3,unknown,unknown2,mil_act,ramadan
16802,0,0,0,0,0,0,0,0
16803,0,0,0,0,0,0,0,0
16804,0,0,0,0,0,0,0,0
16805,0,0,0,0,0,0,0,0
16806,0,0,0,0,0,0,0,0
16807,0,1,1,0,0,1,0,0
16808,0,0,0,0,0,0,3,0
16809,0,0,0,0,0,0,0,0
16810,0,0,0,0,0,0,1,0
16811,0,0,0,0,0,0,0,0
16812,0,0,0,0,0,0,0,0
16813,0,0,0,0,0,0,0,0
16814,1,0,0,0,0,0,1,0
16815,0,0,0,0,0,0,0,0
16816,0,0,0,0,0,0,1,0
16817,0,0,0,0,0,0,0,0
16818,0,0,0,0,0,0,0,0
16819,0,0,0,0,0,0,1,0
16820,0,0,0,0,0,0,1,0
16821,0,0,0,0,0,0,0,0
16822,0,0,0,0,0,0,0,0
16823,0,0,0,0,0,0,0,0
16824,0,0,0,0,0,0,0,0
16825,0,0,0,0,0,0,0,0
16826,0,0,0,0,0,0,0,0
16827,0,0,0,0,0,0,0,0
16828,0,0,0,0,0,0,0,0
16829,0,0,0,0,0,0,0,0
16830,0,0,0,0,0,0,0,0
16831,0,0,0,0,0,0,0,0
16832,0,0,0,0,0,0,0,0
16833,0,0,0,0,0,0,0,0
16834,0,0,0,0,0,0,0,0
16835,0,0,0,0,0,0,0,0
16836,0,0,0,0,0,0,0,0
16837,0,0,0,0,0,0,0,0
16838,0,0,0,0,0,0,0,0
16839,0,0,0,0,0,0,0,0
16840,0,0,0,0,0,0,0,0
16841,0,0,0,0,0,0,0,0
16842,0,0,0,0,0,0,0,0
16843,0,0,0,0,0,0,0,0
16844,0,0,0,0,0,0,0,0
16845,0,0,0,0,0,0,0,0
16846,0,0,0,0,0,0,0,0
16847,0,0,0,0,0,0,0,0
16848,0,0,0,0,0,0,0,0
16849,0,0,0,0,0,0,0,0
16850,0,0,0,0,0,0,0,0
16851,0,0,0,0,0,0,0,0
16852,0,0,0,0,0,0,0,0
16853,0,0,0,0,0,0,0,0
16854,0,0,0,0,0,0,0,0
16855,0,0,0,0,0,0,0,0
16856,0,0,0,0,0,0,0,0
16857,0,0,0,0,0,0,0,0
16858,0,0,0,0,0,0,0,0
16859,0,0,0,0,0,0,0,0
16860,0,0,0,0,0,0,0,0
16861,0,0,0,0,0,0,1,0
16862,0,0,0,0,0,0,0,0
16863,0,0,0,0,0,0,0,0
16864,0,0,0,0,0,0,0,0
16865,0,0,0,0,0,0,1,0
16866,0,0,0,0,0,0,1,0
16867,0,0,0,0,0,0,1,0
16868,0,0,0,0,0,0,2,0
16869,0,0,0,0,0,0,0,0
16870,0,0,0,0,0,0,0,0
16871,0,0,0,0,0,0,2,0
16872,0,0,0,0,0,0,0,0
16873,0,0,0,0,0,0,0,0
16874,0,0,0,0,0,0,0,0
16875,0,0,0,0,0,0,0,0
16876,0,0,0,0,0,0,0,0
16877,0,0,0,0,0,0,0,0
16878,0,0,0,0,0,0,1,0
16879,0,0,0,0,0,0,0,0
16880,0,0,0,0,0,0,0,0
16881,0,0,0,0,0,0,0,0
16882,0,0,0,0,0,0,0,0
16883,0,0,0,0,0,0,0,0
16884,0,0,0,0,0,0,1,0
16885,0,0,0,0,0,0,0,0
16886,0,0,0,0,0,0,0,0
16887,0,0,0,0,0,0,0,0
16888,0,0,0,0,0,0,2,0
16889,0,0,0,0,0,0,0,0
16890,0,0,0,0,0,0,1,0
16891,0,0,0,0,0,0,0,0
16892,0,0,0,0,0,0,0,0
16893,0,0,0,0,0,0,0,0
16894,0,0,0,0,0,0,0,0
16895,0,0,0,0,0,0,0,0
16896,0,0,0,0,0,0,1,0
16897,0,0,0,0,0,0,1,0
16898,0,0,0,0,0,0,0,0
16899,0,0,0,0,0,0,0,0
16900,0,0,0,0,0,0,0,0
16901,0,0,0,0,0,0,0,0
16902,0,0,0,0,0,0,0,0
16903,0,0,0,0,0,0,1,0
16904,0,0,0,0,0,0,1,0
16905,0,0,0,0,0,0,0,0
16906,0,0,0,0,0,0,1,0
16907,0,0,0,0,0,0,0,0
16908,0,0,0,0,0,0,1,0
16909,0,0,0,0,0,0,0,0
16910,0,0,0,0,0,0,0,0
16911,0,0,0,0,0,0,1,0
16912,0,0,0,0,0,0,1,0
16913,0,0,0,0,0,0,0,0
16914,0,0,0,0,0,0,0,0
16915,0,0,0,0,0,0,0,0
16916,0,0,0,0,0,0,0,0
16917,0,0,0,0,0,0,0,0
16918,0,0,0,0,0,0,0,0
16919,0,0,0,0,0,0,0,0
16920,0,0,0,0,0,0,0,0
16921,0,0,0,0,0,0,1,0
16922,0,0,0,0,0,0,0,0
16923,0,0,0,0,0,0,0,0
16924,0,0,0,0,0,0,0,0
16925,0,0,0,0,0,0,1,0
16926,0,0,0,0,0,0,0,0
16927,0,0,0,0,0,0,0,0
16928,0,0,0,0,0,0,0,0
16929,0,0,0,0,0,0,0,0
16930,0,0,0,0,0,0,0,0
16931,0,0,0,0,0,0,1,0
16932,0,0,0,0,0,0,0,0
16933,0,0,0,0,0,0,0,0
16934,0,0,0,0,0,0,0,0
16935,0,0,0,0,0,0,0,0
16936,0,0,0,0,0,0,0,0
16937,0,0,0,0,0,0,1,0
16938,0,0,0,0,0,0,0,0
16939,0,0,0,0,0,0,0,0
16940,0,0,0,0,0,0,0,0
16941,0,0,0,0,0,0,0,0
16942,0,0,0,0,0,0,0,0
16943,0,0,0,0,0,0,0,0
16944,0,0,0,0,0,0,0,0
16945,0,0,0,0,0,0,0,0
16946,0,0,0,0,0,0,0,0
16947,0,0,0,0,0,0,0,0
16948,0,0,0,0,0,0,0,0
16949,0,0,0,0,0,0,0,0
16950,0,0,0,0,0,0,0,0
16951,0,0,0,0,0,0,0,0
16952,0,0,0,0,0,0,0,0
16953,0,0,0,0,0,0,0,0
16954,0,0,0,0,0,0,0,0
16955,0,0,0,0,0,0,0,0
16956,0,0,0,0,0,0,0,0
16957,0,0,0,0,0,0,1,0
16958,0,0,0,0,0,0,0,0
16959,0,0,0,0,0,0,0,0
16960,0,0,0,0,0,0,1,0
16961,0,0,0,0,0,0,0,0
16962,0,0,0,0,0,0,0,0
16963,0,0,0,0,0,0,1,0
16964,0,0,0,0,0,0,0,0
16965,0,0,0,0,0,0,1,0
16966,0,0,0,0,0,0,0,0
16967,0,0,0,0,0,0,0,0
16968,0,0,0,0,0,0,0,0
16969,0,0,0,0,0,0,1,0
16970,0,0,0,0,0,0,0,0
16971,0,0,0,0,0,0,1,0
16972,0,0,0,0,0,0,0,0
16973,0,0,0,0,0,0,0,0
16974,0,0,0,0,0,0,0,0
16975,0,0,0,0,0,0,0,0
16976,0,0,0,0,0,0,0,0
16977,0,0,0,0,0,0,0,0
16978,0,0,0,0,0,0,0,0
16979,0,0,0,0,0,0,0,0
16980,0,0,0,0,0,0,0,0
16981,0,0,0,0,0,0,0,0
16982,0,0,0,0,0,0,0,0
16983,0,0,0,0,0,0,0,0
16984,0,0,0,0,0,0,0,0
16985,0,0,0,0,0,0,0,0
16986,0,0,0,0,0,0,0,0
16987,0,0,0,0,0,0,0,0
16988,0,0,0,0,0,0,0,0
16989,0,0,0,0,0,0,0,0
16990,0,0,0,0,0,0,0,0
16991,0,0,0,0,0,0,0,0
16992,0,0,0,0,0,0,1,0
16993,0,0,0,0,0,0,0,0
16994,0,0,0,0,0,0,0,0
16995,0,0,0,0,0,0,0,0
16996,0,0,0,0,0,0,0,0
16997,0,0,0,0,0,0,0,0
16998,0,0,0,0,0,0,0,0
16999,0,0,0,0,0,0,0,0
17000,0,0,0,0,0,0,0,0
17001,0,0,0,0,0,0,0,0
17002,0,0,0,0,0,0,0,0
17003,0,0,0,0,0,0,0,0
17004,0,0,0,0,0,0,0,0
17005,0,0,0,0,0,0,0,0
17006,0,0,0,0,0,0,0,0
17007,0,0,0,0,0,0,0,0
17008,0,0,0,0,0,0,0,0
17009,0,0,0,0,0,0,0,0
17010,0,0,0,0,0,0,0,0
17011,0,0,0,0,0,0,0,0
17012,0,0,0,0,0,0,0,0
17013,0,0,0,0,0,0,0,0
17014,0,0,0,0,0,0,0,0
17015,0,0,0,0,0,0,0,0
17016,0,0,0,0,0,0,0,0
17017,0,0,0,0,0,0,0,0
17018,0,0,0,0,0,0,0,0
17019,0,0,0,0,0,0,0,0
17020,0,0,0,0,0,0,0,0
17021,0,0,0,0,0,0,0,0
17022,0,0,0,0,0,0,0,0
17023,0,0,0,0,0,0,1,0
17024,0,0,0,0,0,0,0,0
17025,0,0,0,0,0,0,0,0
17026,0,0,0,0,0,0,0,0
17027,0,0,0,0,0,0,0,0
17028,0,0,0,0,0,0,0,0
17029,0,0,0,0,0,0,0,0
17030,0,0,0,0,0,0,0,0
17031,0,0,0,0,0,0,0,0
17032,0,0,0,0,0,0,0,0
17033,0,0,0,0,0,0,0,0
17034,0,0,0,0,0,0,0,0
17035,0,0,0,0,0,0,0,0
17036,0,0,0,0,0,0,0,0
17037,0,0,0,0,0,0,0,0
17038,0,0,0,0,0,0,0,0
17039,0,0,0,0,0,0,0,0
17040,0,0,0,0,0,0,0,0
17041,0,0,0,0,0,0,0,0
17042,0,0,0,0,0,0,0,0
17043,0,0,0,0,0,0,0,0
17044,0,0,0,0,0,0,0,0
17045,0,0,0,0,0,0,1,0
17046,0,0,0,0,0,0,0,0
17047,0,0,0,0,0,0,0,0
17048,0,0,0,0,0,0,0,0
17049,0,0,0,0,0,0,0,0
17050,0,0,0,0,0,0,0,0
17051,0,0,0,0,0,0,0,0
17052,0,0,0,0,0,0,0,0
17053,0,0,0,0,0,0,0,0
17054,0,0,0,0,0,0,0,0
17055,0,0,0,0,0,0,0,0
17056,0,0,0,0,0,0,0,0
17057,0,0,0,0,0,0,0,0
17058,0,0,0,0,0,0,0,0
17059,0,0,0,0,0,0,0,0
17060,0,0,0,0,0,0,0,0
17061,0,0,0,0,0,0,0,0
17062,0,0,0,0,0,0,0,0
17063,0,0,0,0,0,0,0,0
17064,0,0,0,0,0,0,1,0
17065,0,0,0,0,0,0,0,0
17066,0,0,0,0,0,0,0,0
17067,0,0,0,0,0,0,1,1
17068,0,0,0,0,0,0,0,1
17069,0,0,0,0,0,0,0,1
17070,0,0,0,0,0,0,0,1
17071,0,0,0,0,0,0,0,1
17072,0,0,0,0,0,0,1,1
17073,0,0,0,0,0,0,0,1
17074,0,0,0,0,0,0,0,1
17075,0,0,0,0,0,0,0,1
17076,0,0,0,0,0,0,0,1
17077,0,0,0,0,0,0,0,1
17078,0,0,0,0,0,0,0,1
17079,0,0,0,0,0,0,0,1
17080,0,0,0,0,0,0,0,1
17081,0,0,0,0,0,0,0,1
17082,0,0,0,0,0,0,0,1
17083,0,0,0,0,0,0,0,1
17084,0,0,0,0,0,0,0,1
17085,0,0,0,0,0,0,0,1
17086,0,0,0,0,0,0,0,1
17087,0,0,0,0,0,0,0,1
17088,0,0,0,0,0,0,0,1
17089,0,0,0,0,0,0,0,1
17090,0,0,0,0,0,0,0,1
17091,0,0,0,0,0,0,0,1
17092,0,0,0,0,0,0,0,1
17093,0,0,0,0,0,0,0,1
17094,0,0,0,0,0,0,0,1
17095,0,0,0,0,0,0,0,1
17096,0,0,0,0,0,0,0,1
17097,0,0,0,0,0,0,0,0
17098,0,0,0,0,0,0,0,0
17099,0,0,0,0,0,0,0,0
17100,0,0,0,0,0,0,0,0
17101,0,0,0,0,0,0,0,0
17102,0,0,0,0,0,0,0,0
17103,0,0,0,0,0,0,0,0
17104,1,1,0,0,1,1,0,0
17105,0,0,0,0,0,0,1,0
17106,0,0,0,0,0,0,0,0
17107,0,0,0,0,0,0,0,0
17108,0,0,0,0,0,0,0,0
17109,0,0,0,0,0,0,0,0
17110,0,0,0,0,0,0,0,0
17111,0,0,0,0,0,0,0,0
17112,0,0,0,0,0,0,0,0
17113,0,0,0,0,0,0,0,0
17114,0,0,0,0,0,0,0,0
17115,0,0,0,0,0,0,0,0
17116,0,0,0,0,0,0,0,0
17117,0,0,0,0,0,0,0,0
17118,0,0,0,0,0,0,0,0
17119,0,0,0,0,0,0,1,0
17120,0,0,0,0,0,0,0,0
17121,0,0,0,0,0,0,0,0
17122,0,0,0,0,0,0,0,0
17123,0,0,0,0,0,0,0,0
17124,0,0,0,0,0,0,0,0
17125,0,0,0,0,0,0,0,0
17126,0,0,0,0,0,0,0,0
17127,0,0,0,0,0,0,0,0
17128,0,0,0,0,0,0,1,0
17129,0,0,0,0,0,0,0,0
17130,0,0,0,0,0,0,0,0
17131,0,0,0,0,0,0,0,0
17132,0,0,0,0,0,0,0,0
17133,0,0,0,0,0,0,0,0
17134,0,0,0,0,0,0,0,0
17135,0,0,0,0,0,0,0,0
17136,0,0,0,0,0,0,0,0
17137,0,0,0,0,0,0,0,0
17138,0,0,0,0,0,0,0,0
17139,0,0,0,0,0,0,0,0
17140,0,0,0,0,0,0,0,0
17141,0,0,0,0,0,0,0,0
17142,0,0,0,0,0,0,0,0
17143,0,0,0,0,0,0,0,0
17144,0,0,0,0,0,0,0,0
17145,0,0,0,0,0,0,0,0
17146,0,0,0,0,0,0,0,0
17147,0,0,0,0,0,0,0,0
17148,0,0,0,0,0,0,0,0
17149,0,0,0,0,0,0,0,0
17150,0,0,0,0,0,0,0,0
17151,0,0,0,0,0,0,0,0
17152,0,0,0,0,0,0,1,0
17153,0,0,0,0,0,0,0,0
17154,0,0,0,0,0,0,0,0
17155,0,0,0,0,0,0,0,0
17156,0,0,0,0,0,0,0,0
17157,0,0,0,0,0,0,0,0
17158,0,0,0,0,0,0,0,0
17159,0,0,0,0,0,0,0,0
17160,0,0,0,0,0,0,0,0
17161,0,0,0,0,0,0,0,0
17162,0,0,0,0,0,0,0,0
17163,0,0,0,0,0,0,0,0
17164,0,0,0,0,0,0,0,0
17165,0,0,0,0,0,0,0,0
17166,0,0,0,0,0,0,0,0
17167,0,0,0,0,0,0,0,0
17168,0,0,0,0,0,0,0,0
17169,0,0,0,0,0,0,0,0
17170,0,0,0,0,0,0,0,0
17171,0,0,0,0,0,0,0,0
17172,0,0,0,0,0,0,0,0
17173,0,0,0,0,0,0,0,0
17174,0,0,0,0,0,0,0,0
17175,0,0,0,0,0,0,0,0
17176,0,0,0,0,0,0,0,0
17177,0,0,0,0,0,0,0,0
17178,0,0,0,0,0,0,0,0
17179,0,0,0,0,0,0,0,0
17180,0,0,0,0,0,0,0,0
17181,0,0,0,0,0,0,0,0
17182,1,1,0,0,1,1,1,0
17183,0,0,0,0,0,0,0,0
17184,0,0,0,0,0,0,0,0
17185,0,0,0,0,0,0,0,0
17186,0,0,0,0,0,0,0,0
17187,0,0,0,0,0,0,0,0
17188,0,0,0,0,0,0,0,0
17189,0,0,0,0,0,0,0,0
17190,0,0,0,0,0,0,0,0
17191,0,0,0,0,0,0,0,0
17192,0,0,0,0,0,0,0,0
17193,0,0,0,0,0,0,0,0
17194,0,0,0,0,0,0,0,0
17195,0,0,0,0,0,0,0,0
17196,0,0,0,0,0,0,0,0
17197,0,0,0,0,0,0,0,0
17198,0,0,0,0,0,0,0,0
17199,0,0,0,0,0,0,1,0
17200,0,0,0,0,0,0,1,0
17201,0,0,0,0,0,0,1,0
17202,0,0,0,0,0,0,0,0
17203,0,0,0,0,0,0,0,0
17204,0,0,0,0,0,0,0,0
17205,0,0,0,0,0,0,0,0
17206,0,0,0,0,0,0,1,0
17207,0,0,0,0,0,0,0,0
17208,0,0,0,0,0,0,0,0
17209,0,0,0,0,0,0,0,0
17210,0,0,0,0,0,0,0,0
17211,0,0,0,0,0,0,0,0
17212,0,0,0,0,0,0,1,0
17213,0,0,0,0,0,0,0,0
17214,0,0,0,0,0,0,0,0
17215,0,0,0,0,0,0,0,0
17216,0,0,0,0,0,0,0,0
17217,0,0,0,0,0,0,0,0
17218,0,0,0,0,0,0,0,0
17219,0,0,0,0,0,0,0,0
17220,0,0,0,0,0,0,0,0
17221,0,0,0,0,0,0,1,0
17222,0,0,0,0,0,0,0,0
17223,0,0,0,0,0,0,0,0
17224,0,0,0,0,0,0,0,0
17225,0,0,0,0,0,0,0,0
17226,0,0,0,0,0,0,0,0
17227,0,0,0,0,0,0,0,0
17228,0,0,0,0,0,0,0,0
17229,0,0,0,0,0,0,0,0
17230,0,0,0,0,0,0,0,0
17231,0,0,0,0,0,0,0,0
17232,0,0,0,0,0,0,0,0
17233,0,0,0,0,0,0,0,0
17234,0,0,0,0,0,0,1,0
17235,0,0,0,0,0,0,0,0
17236,0,0,0,0,0,0,1,0
17237,0,0,0,0,0,0,0,0
17238,0,0,0,0,0,0,0,0
17239,0,0,0,0,0,0,0,0
17240,0,0,0,0,0,0,0,0
17241,0,0,0,0,0,0,0,0
17242,0,0,0,0,0,0,0,0
17243,0,0,0,0,0,0,0,0
17244,0,0,0,0,0,0,0,0
17245,0,0,0,0,0,0,0,0
17246,0,0,0,0,0,0,0,0
17247,0,0,0,0,0,0,0,0
17248,0,0,0,0,0,0,0,0
17249,0,0,0,0,0,0,0,0
17250,0,0,0,0,0,0,0,0
17251,0,0,0,0,0,0,0,0
17252,0,0,0,0,0,0,0,0
17253,0,0,0,0,0,0,0,0
17254,0,0,0,0,0,0,0,0
17255,0,0,0,0,0,0,0,0
17256,0,0,0,0,0,0,0,0
17257,0,0,0,0,0,0,0,0
17258,0,0,0,0,0,0,0,0
17259,0,0,0,0,0,0,0,0
17260,0,0,0,0,0,0,0,0
17261,0,0,0,0,0,0,0,0
17262,0,0,0,0,0,0,0,0
17263,0,0,0,0,0,0,0,0
17264,0,0,0,0,0,0,0,0
17265,0,0,0,0,0,0,0,0
17266,0,0,0,0,0,0,0,0
17267,0,0,0,0,0,0,0,0
17268,0,0,0,0,0,0,0,0
17269,0,0,0,0,0,0,0,0
17270,0,0,0,0,0,0,0,0
17271,0,0,0,0,0,0,0,0
17272,0,0,0,0,0,0,0,0
17273,0,0,0,0,0,0,0,0
17274,0,0,0,0,0,0,0,0
17275,0,0,0,0,0,0,0,0
17276,0,0,0,0,0,0,0,0
17277,0,0,0,0,0,0,0,0
17278,0,0,0,0,0,0,0,0
17279,0,0,0,0,0,0,1,0
17280,0,0,0,0,0,0,0,0
17281,0,0,0,0,0,0,0,0
17282,0,0,0,0,0,0,0,0
17283,1,1,0,0,1,1,0,0
17284,0,0,0,0,0,0,0,0
17285,0,0,0,0,0,0,0,0
17286,0,0,0,0,0,0,0,0
17287,0,0,0,0,0,0,0,0
17288,0,0,0,0,0,0,0,0
17289,0,0,0,0,0,0,0,0
17290,0,0,0,0,0,0,0,0
17291,0,0,0,0,0,0,0,0
17292,0,0,0,0,0,0,0,0
17293,0,0,0,0,0,0,0,0
17294,0,0,0,0,0,0,0,0
17295,0,0,0,0,0,0,0,0
17296,0,0,0,0,0,0,0,0
17297,0,0,0,0,0,0,0,0
17298,0,0,0,0,0,0,0,0
17299,0,0,0,0,0,0,0,0
17300,0,0,0,0,0,0,0,0
17301,0,0,0,0,0,0,0,0
17302,0,0,0,0,0,0,0,0
17303,0,0,0,0,0,0,0,0
17304,0,0,0,0,0,0,0,0
17305,0,0,0,0,0,0,0,0
17306,0,0,0,0,0,0,0,0
17307,0,0,0,0,0,0,0,0
17308,0,0,0,0,0,0,1,0
17309,0,0,0,0,0,0,0,0
17310,0,0,0,0,0,0,1,0
17311,0,0,0,0,0,0,0,0
17312,0,0,0,0,0,0,0,0
17313,0,0,0,0,0,0,0,0
17314,0,0,0,0,0,0,1,0
17315,0,0,0,0,0,0,0,0
17316,0,0,0,0,0,0,0,0
17317,0,0,0,0,0,0,0,0
17318,0,0,0,0,0,0,0,0
17319,0,0,0,0,0,0,0,0
17320,0,0,0,0,0,0,0,0
17321,0,0,0,0,0,0,0,0
17322,0,0,0,0,0,0,0,0
17323,0,0,0,0,0,0,0,0
17324,0,0,0,0,0,0,0,0
17325,0,0,0,0,0,0,0,0
17326,0,0,0,0,0,0,0,0
17327,0,0,0,0,0,0,0,0
17328,0,0,0,0,0,0,0,0
17329,0,0,0,0,0,0,0,0
17330,0,0,0,0,0,0,0,0
17331,0,0,0,0,0,0,0,0
17332,0,0,0,0,0,0,0,0
17333,0,0,0,0,0,0,0,0
17334,0,0,0,0,0,0,0,0
17335,0,0,0,0,0,0,0,0
17336,1,1,0,0,1,1,0,0
17337,0,0,0,0,0,0,0,0
17338,0,0,0,0,0,0,0,0
17339,0,0,0,0,0,0,0,0
17340,0,0,0,0,0,0,0,0
17341,0,0,0,0,0,0,0,0
17342,0,0,0,0,0,0,0,0
17343,0,0,0,0,0,0,0,0
17344,0,0,0,0,0,0,0,0
17345,0,0,0,0,0,0,0,0
17346,0,0,0,0,0,0,0,0
17347,0,0,0,0,0,0,0,0
17348,0,0,0,0,0,0,0,0
17349,0,0,0,0,0,0,0,0
17350,0,0,0,0,0,0,0,0
17351,0,0,0,0,0,0,0,0
17352,0,0,0,0,0,0,0,0
17353,0,0,0,0,0,0,0,0
17354,0,0,0,0,0,0,0,0
17355,0,0,0,0,0,0,0,0
17356,0,0,0,0,0,0,0,0
17357,0,0,0,0,0,0,0,0
17358,0,0,0,0,0,0,0,0
17359,0,0,0,0,0,0,0,0
17360,0,0,0,0,0,0,1,0
17361,0,0,0,0,0,0,1,0
17362,0,0,0,0,0,0,0,0
17363,0,0,0,0,0,0,0,0
17364,0,0,0,0,0,0,0,0
17365,0,0,0,0,0,0,0,0
17366,0,0,0,0,0,0,0,0
17367,0,0,0,0,0,0,0,0
17368,0,0,0,0,0,0,0,0
17369,0,0,0,0,0,0,1,0
17370,0,0,0,0,0,0,0,0
17371,0,0,0,0,0,0,0,0
17372,0,0,0,0,0,0,0,0
17373,0,0,0,0,0,0,0,0
17374,0,0,0,0,0,0,0,0
17375,0,0,0,0,0,0,1,0
17376,0,0,0,0,0,0,0,0
17377,0,0,0,0,0,0,1,0
17378,0,0,0,0,0,0,0,0
17379,0,0,0,0,0,0,1,0
17380,0,0,0,0,0,0,0,0
17381,0,0,0,0,0,0,0,0
17382,0,0,0,0,0,0,0,0
17383,0,0,0,0,0,0,0,0
17384,0,0,0,0,0,0,2,0
17385,0,0,0,0,0,0,1,0
17386,0,0,0,0,0,0,0,0
17387,0,0,0,0,0,0,1,0
17388,0,0,0,0,0,0,0,0
17389,0,0,0,0,0,0,2,0
17390,0,0,0,0,0,0,0,0
17391,0,0,0,0,0,0,0,0
17392,0,0,0,0,0,0,0,0
17393,0,0,0,0,0,0,0,0
17394,0,0,0,0,0,0,0,0
17395,0,0,0,0,0,0,1,0
17396,0,0,0,0,0,0,0,0
17397,0,0,0,0,0,0,1,0
17398,0,0,0,0,0,0,0,0
17399,0,0,0,0,0,0,0,0
17400,0,0,0,0,0,0,0,0
17401,0,0,0,0,0,0,0,0
17402,0,0,0,0,0,0,1,0
17403,0,0,0,0,0,0,0,0
17404,0,0,0,0,0,0,2,0
17405,0,0,0,0,0,0,2,0
17406,0,0,0,0,0,0,0,0
17407,0,0,0,0,0,0,0,0
17408,0,0,0,0,0,0,1,0
17409,0,0,0,0,0,0,0,0
17410,0,0,0,0,0,0,0,0
17411,0,0,0,0,0,0,0,0
17412,0,0,0,0,0,0,0,0
17413,0,0,0,0,0,0,0,0
17414,0,0,0,0,0,0,0,0
17415,0,0,0,0,0,0,1,0
17416,0,0,0,0,0,0,0,0
17417,0,0,0,0,0,0,0,0
17418,0,0,0,0,0,0,0,0
17419,0,0,0,0,0,0,1,0
17420,0,0,0,0,0,0,0,0
17421,0,0,0,0,0,0,1,0
17422,0,0,0,0,0,0,0,1
17423,0,0,0,0,0,0,0,1
17424,0,0,0,0,0,0,0,1
17425,0,0,0,0,0,0,0,1
17426,0,0,0,0,0,0,0,1
17427,0,0,0,0,0,0,0,1
17428,0,0,0,0,0,0,0,1
17429,0,0,0,0,0,0,0,1
17430,0,0,0,0,0,0,0,1
17431,0,0,0,0,0,0,0,1
17432,0,0,0,0,0,0,0,1
17433,0,0,0,0,0,0,0,1
17434,0,0,0,0,0,0,0,1
17435,0,0,0,0,0,0,0,1
17436,0,0,0,0,0,0,0,1
17437,0,0,0,0,0,0,0,1
17438,0,0,0,0,0,0,1,1
17439,0,0,0,0,0,0,0,1
17440,0,0,0,0,0,0,0,1
17441,0,0,0,0,0,0,0,1
17442,0,0,0,0,0,0,0,1
17443,0,0,0,0,0,0,1,1
17444,0,0,0,0,0,0,0,1
17445,0,0,0,0,0,0,0,1
17446,0,0,0,0,0,0,1,1
17447,0,0,0,0,0,0,1,1
17448,0,0,0,0,0,0,1,1
17449,0,0,0,0,0,0,0,1
17450,0,0,0,0,0,0,0,1
17451,0,0,0,0,0,0,0,0
17452,0,0,0,0,0,0,1,0
17453,0,0,0,0,0,0,0,0
17454,0,0,0,0,0,0,0,0
17455,0,0,0,0,0,0,0,0
17456,0,0,0,0,0,0,0,0
17457,0,0,0,0,0,0,0,0
17458,0,0,0,0,0,0,0,0
17459,0,0,0,0,0,0,0,0
17460,0,0,0,0,0,0,0,0
17461,0,0,0,0,0,0,0,0
17462,0,0,0,0,0,0,0,0
17463,0,0,0,0,0,0,0,0
17464,0,0,0,0,0,0,0,0
17465,0,0,0,0,0,0,0,0
17466,0,0,0,0,0,0,0,0
17467,0,0,0,0,0,0,2,0
17468,0,0,0,0,0,0,0,0
17469,0,0,0,0,0,0,0,0
17470,0,0,0,0,0,0,1,0
17471,0,0,0,0,0,0,0,0
17472,1,1,0,0,1,1,0,0
17473,0,0,0,0,0,0,0,0
17474,0,0,0,0,0,0,1,0
17475,0,0,0,0,0,0,0,0
17476,0,0,0,0,0,0,0,0
17477,0,0,0,0,0,0,0,0
17478,0,0,0,0,0,0,0,0
17479,0,0,0,0,0,0,0,0
17480,0,0,0,0,0,0,0,0
17481,0,0,0,0,0,0,0,0
17482,0,0,0,0,0,0,1,0
17483,0,0,0,0,0,0,4,0
17484,0,0,0,0,0,0,9,0
17485,0,0,0,0,0,0,1,0
17486,0,0,0,0,0,0,2,0
17487,0,0,0,0,0,0,0,0
17488,0,0,0,0,0,0,5,0
17489,0,0,0,0,0,0,0,0
17490,0,0,0,0,0,0,2,0
17491,0,0,0,0,0,0,1,0
17492,0,0,0,0,0,0,0,0
17493,0,0,0,0,0,0,0,0
17494,0,0,0,0,0,0,1,0
17495,0,0,0,0,0,0,2,0
17496,0,0,0,0,0,0,1,0
17497,0,0,0,0,0,0,0,0
17498,0,0,0,0,0,0,0,0
17499,0,0,0,0,0,0,1,0
17500,0,0,0,0,0,0,0,0
17501,0,0,0,0,0,0,2,0
17502,0,0,0,0,0,0,1,0
17503,1,0,0,0,0,0,0,0
17504,0,0,0,0,0,0,0,0
17505,0,0,0,0,0,0,0,0
17506,0,0,0,0,0,0,0,0
17507,0,0,0,0,0,0,0,0
17508,0,0,0,0,0,0,0,0
17509,0,0,0,0,0,0,0,0
17510,0,0,0,0,0,0,3,0
17511,0,0,0,0,0,0,2,0
17512,0,0,0,0,0,0,0,0
17513,0,0,0,0,0,0,0,0
17514,0,0,0,0,0,0,1,0
17515,0,0,0,0,0,0,0,0
17516,0,0,0,0,0,0,1,0
17517,0,0,0,0,0,0,0,0
17518,0,0,0,0,0,0,1,0
17519,0,0,0,0,0,0,0,0
17520,0,0,0,0,0,0,0,0
17521,0,0,0,0,0,0,0,0
17522,0,0,0,0,0,0,0,0
17523,0,0,0,0,0,0,0,0
17524,0,0,0,0,0,0,0,0
17525,0,0,0,0,0,0,2,0
17526,0,0,0,0,0,0,0,0
17527,0,0,0,0,0,0,0,0
17528,0,0,0,0,0,0,0,0
17529,0,0,0,0,0,0,0,0
17530,0,0,0,0,0,0,0,0
17531,0,0,0,0,0,0,0,0
17532,0,0,0,0,0,0,0,0
17533,0,0,0,0,0,0,1,0
17534,0,0,0,0,0,0,1,0
17535,0,0,0,0,0,0,0,0
17536,0,0,0,0,0,0,1,0
17537,0,0,0,0,0,0,0,0
17538,0,0,0,0,0,0,1,0
17539,0,0,0,0,0,0,0,0
17540,0,0,0,0,0,0,1,0
17541,0,0,0,0,0,0,0,0
17542,0,0,0,0,0,0,0,0
17543,0,0,0,0,0,0,2,0
17544,0,0,0,0,0,0,0,0
17545,0,0,0,0,0,0,1,0
17546,0,0,0,0,0,0,0,0
17547,0,0,0,0,0,0,0,0
17548,0,0,0,0,0,0,0,0
17549,0,0,0,0,0,0,0,0
17550,0,0,0,0,0,0,2,0
17551,0,0,0,0,0,0,0,0
17552,0,0,0,0,0,0,1,0
17553,0,0,0,0,0,0,0,0
17554,0,0,0,0,0,0,1,0
17555,0,0,0,0,0,0,1,0
17556,0,0,0,0,0,0,2,0
17557,0,0,0,0,0,0,1,0
17558,0,0,0,0,0,0,2,0
17559,0,0,0,0,0,0,2,0
17560,1,1,1,1,0,0,2,0
17561,0,0,0,0,0,0,0,0
17562,0,0,0,0,0,0,0,0
17563,0,0,0,0,0,0,1,0
17564,0,0,0,0,0,0,1,0
17565,0,0,0,0,0,0,0,0
17566,0,0,0,0,0,0,0,0
17567,0,0,0,0,0,0,1,0
17568,0,0,0,0,0,0,0,0
17569,0,0,0,0,0,0,0,0
17570,0,0,0,0,0,0,0,0
17571,0,0,0,0,0,0,0,0
17572,0,0,0,0,0,0,1,0
17573,0,0,0,0,0,0,0,0
17574,0,0,0,0,0,0,0,0
17575,0,0,0,0,0,0,0,0
17576,0,0,0,0,0,0,1,0
17577,0,0,0,0,0,0,1,0
17578,0,0,0,0,0,0,1,0
17579,0,0,0,0,0,0,0,0
17580,0,0,0,0,0,0,0,0
17581,0,0,0,0,0,0,0,0
17582,0,0,0,0,0,0,1,0
17583,0,0,0,0,0,0,2,0
17584,0,0,0,0,0,0,0,0
17585,0,0,0,0,0,0,1,0
17586,0,0,0,0,0,0,1,0
17587,0,0,0,0,0,0,0,0
17588,0,0,0,0,0,0,0,0
17589,0,0,0,0,0,0,0,0
17590,1,1,0,0,1,1,0,0
17591,0,0,0,0,0,0,0,0
17592,0,0,0,0,0,0,0,0
17593,0,0,0,0,0,0,0,0
17594,0,0,0,0,0,0,0,0
17595,0,0,0,0,0,0,0,0
17596,0,0,0,0,0,0,0,0
17597,0,0,0,0,0,0,1,0
17598,0,0,0,0,0,0,0,0
17599,0,0,0,0,0,0,1,0
17600,0,0,0,0,0,0,1,0
17601,0,0,0,0,0,0,0,0
17602,0,0,0,0,0,0,1,0
17603,0,0,0,0,0,0,0,0
17604,0,0,0,0,0,0,0,0
17605,0,0,0,0,0,0,2,0
17606,0,0,0,0,0,0,1,0
17607,1,1,0,0,1,1,1,0
17608,0,0,0,0,0,0,0,0
17609,0,0,0,0,0,0,0,0
17610,0,0,0,0,0,0,0,0
17611,0,0,0,0,0,0,0,0
17612,0,0,0,0,0,0,0,0
17613,0,0,0,0,0,0,0,0
17614,0,0,0,0,0,0,0,0
17615,0,0,0,0,0,0,0,0
17616,0,0,0,0,0,0,1,0
17617,0,0,0,0,0,0,0,0
17618,0,0,0,0,0,0,0,0
17619,0,0,0,0,0,0,0,0
17620,0,0,0,0,0,0,0,0
17621,0,0,0,0,0,0,1,0
17622,0,0,0,0,0,0,0,0
17623,0,0,0,0,0,0,0,0
17624,0,0,0,0,0,0,1,0
17625,0,0,0,0,0,0,0,0
17626,0,0,0,0,0,0,0,0
17627,0,0,0,0,0,0,0,0
17628,0,0,0,0,0,0,1,0
17629,0,0,0,0,0,0,0,0
17630,0,0,0,0,0,0,0,0
17631,0,0,0,0,0,0,0,0
17632,0,0,0,0,0,0,1,0
17633,0,0,0,0,0,0,0,0
17634,0,0,0,0,0,0,0,0
17635,0,0,0,0,0,0,0,0
17636,0,0,0,0,0,0,0,0
17637,0,0,0,0,0,0,0,0
17638,0,0,0,0,0,0,1,0
17639,0,0,0,0,0,0,0,0
17640,0,0,0,0,0,0,0,0
17641,0,0,0,0,0,0,0,0
17642,0,0,0,0,0,0,0,0
17643,0,0,0,0,0,0,1,0
17644,0,0,0,0,0,0,0,0
17645,0,0,0,0,0,0,0,0
17646,0,0,0,0,0,0,0,0
17647,0,0,0,0,0,0,0,0
17648,0,0,0,0,0,0,0,0
17649,0,0,0,0,0,0,0,0
17650,0,0,0,0,0,0,0,0
17651,0,0,0,0,0,0,1,0
17652,0,0,0,0,0,0,0,0
17653,0,0,0,0,0,0,0,0
17654,0,0,0,0,0,0,0,0
17655,0,0,0,0,0,0,1,0
17656,0,0,0,0,0,0,1,0
17657,0,0,0,0,0,0,0,0
17658,0,0,0,0,0,0,0,0
17659,0,0,0,0,0,0,1,0
17660,0,0,0,0,0,0,0,0
17661,0,0,0,0,0,0,1,0
17662,0,0,0,0,0,0,0,0
17663,0,0,0,0,0,0,0,0
17664,0,0,0,0,0,0,0,0
17665,0,0,0,0,0,0,0,0
17666,1,1,1,1,0,0,0,0
17667,0,0,0,0,0,0,0,0
17668,0,0,0,0,0,0,0,0
17669,0,0,0,0,0,0,1,0
17670,0,0,0,0,0,0,0,0
17671,0,0,0,0,0,0,1,0
17672,0,0,0,0,0,0,0,0
17673,0,0,0,0,0,0,1,0
17674,0,0,0,0,0,0,0,0
17675,0,0,0,0,0,0,0,0
17676,0,0,0,0,0,0,0,0
17677,0,0,0,0,0,0,0,0
17678,0,0,0,0,0,0,0,0
17679,0,0,0,0,0,0,0,0
17680,0,0,0,0,0,0,0,0
17681,0,0,0,0,0,0,0,0
17682,0,0,0,0,0,0,0,0
17683,0,0,0,0,0,0,0,0
17684,0,0,0,0,0,0,0,0
17685,0,0,0,0,0,0,0,0
17686,0,0,0,0,0,0,0,0
17687,0,0,0,0,0,0,0,0
17688,0,0,0,0,0,0,0,0
17689,0,0,0,0,0,0,0,0
17690,0,0,0,0,0,0,0,0
17691,0,0,0,0,0,0,1,0
17692,0,0,0,0,0,0,0,0
17693,0,0,0,0,0,0,0,0
17694,0,0,0,0,0,0,1,0
17695,0,0,0,0,0,0,0,0
17696,0,0,0,0,0,0,1,0
17697,1,1,1,0,0,1,0,0
17698,0,0,0,0,0,0,0,0
17699,0,0,0,0,0,0,0,0
17700,0,0,0,0,0,0,0,0
17701,0,0,0,0,0,0,0,0
17702,0,0,0,0,0,0,0,0
17703,0,0,0,0,0,0,0,0
17704,0,0,0,0,0,0,0,0
17705,0,0,0,0,0,0,0,0
17706,0,0,0,0,0,0,0,0
17707,0,0,0,0,0,0,1,0
17708,0,0,0,0,0,0,0,0
17709,0,0,0,0,0,0,0,0
17710,0,0,0,0,0,0,0,0
17711,0,0,0,0,0,0,2,0
17712,0,0,0,0,0,0,0,0
17713,0,0,0,0,0,0,0,0
17714,0,0,0,0,0,0,2,0
17715,0,0,0,0,0,0,3,0
17716,0,0,0,0,0,0,2,0
17717,0,0,0,0,0,0,1,0
17718,0,0,0,0,0,0,0,0
17719,0,0,0,0,0,0,1,0
17720,0,0,0,0,0,0,0,0
17721,0,0,0,0,0,0,2,0
17722,0,0,0,0,0,0,1,0
17723,0,0,0,0,0,0,0,0
17724,0,0,0,0,0,0,0,0
17725,0,0,0,0,0,0,0,0
17726,0,0,0,0,0,0,0,0
17727,0,0,0,0,0,0,0,0
17728,0,0,0,0,0,0,0,0
17729,0,0,0,0,0,0,1,0
17730,0,0,0,0,0,0,0,0
17731,0,0,0,0,0,0,1,0
17732,0,0,0,0,0,0,0,0
17733,0,0,0,0,0,0,0,0
17734,0,0,0,0,0,0,1,0
17735,0,0,0,0,0,0,0,0
17736,0,0,0,0,0,0,1,0
17737,0,0,0,0,0,0,0,0
17738,0,0,0,0,0,0,0,0
17739,0,0,0,0,0,0,0,0
17740,0,0,0,0,0,0,0,0
17741,1,1,1,1,0,0,0,0
17742,0,0,0,0,0,0,2,0
17743,0,0,0,0,0,0,2,0
17744,0,0,0,0,0,0,0,0
17745,0,0,0,0,0,0,2,0
17746,0,0,0,0,0,0,2,0
17747,0,0,0,0,0,0,0,0
17748,0,0,0,0,0,0,1,0
17749,0,0,0,0,0,0,1,0
17750,0,0,0,0,0,0,2,0
17751,0,0,0,0,0,0,1,0
17752,0,0,0,0,0,0,0,0
17753,0,0,0,0,0,0,3,0
17754,0,0,0,0,0,0,1,0
17755,0,0,0,0,0,0,0,0
17756,1,1,1,1,0,0,3,0
17757,0,0,0,0,0,0,4,0
17758,0,0,0,0,0,0,2,0
17759,0,0,0,0,0,0,1,0
17760,0,0,0,0,0,0,2,0
17761,0,0,0,0,0,0,2,0
17762,0,0,0,0,0,0,2,0
17763,0,0,0,0,0,0,2,0
17764,1,1,1,0,0,1,4,0
17765,0,0,0,0,0,0,1,0
17766,0,0,0,0,0,0,2,0
17767,0,0,0,0,0,0,1,0
17768,0,0,0,0,0,0,0,0
17769,0,0,0,0,0,0,0,0
17770,0,0,0,0,0,0,0,0
17771,1,1,0,0,1,1,0,0
17772,0,0,0,0,0,0,0,0
17773,0,0,0,0,0,0,0,0
17774,2,1,1,0,0,1,0,0
17775,0,1,0,0,1,1,0,0
17776,0,0,0,0,0,0,1,1
17777,1,0,0,0,0,0,1,1
17778,0,0,0,0,0,0,5,1
17779,1,1,0,1,1,0,1,1
17780,1,1,0,0,1,1,0,1
17781,0,0,0,0,0,0,0,1
17782,0,0,0,0,0,0,1,1
17783,1,1,1,1,0,0,1,1
17784,0,0,0,0,0,0,0,1
17785,0,0,0,0,0,0,1,1
17786,0,0,0,0,0,0,2,1
17787,1,1,0,0,1,1,3,1
17788,0,0,0,0,0,0,3,1
17789,0,0,0,0,0,0,1,1
17790,0,0,0,0,0,0,2,1
17791,0,0,0,0,0,0,1,1
17792,1,1,0,1,1,0,0,1
17793,0,0,0,0,0,0,2,1
17794,0,0,0,0,0,0,1,1
17795,0,0,0,0,0,0,1,1
17796,0,0,0,0,0,0,1,1
17797,0,0,0,0,0,0,0,1
17798,0,0,0,0,0,0,2,1
17799,0,0,0,0,0,0,1,1
17800,0,0,0,0,0,0,1,1
17801,0,0,0,0,0,0,1,1
17802,0,0,0,0,0,0,1,1
17803,0,0,0,0,0,0,1,1
17804,0,0,0,0,0,0,0,1
17805,1,0,0,0,0,0,0,0
17806,0,1,0,0,1,1,0,0
17807,0,0,0,0,0,0,0,0
17808,2,2,0,0,2,2,1,0
17809,0,0,0,0,0,0,1,0
17810,0,0,0,0,0,0,2,0
17811,0,0,0,0,0,0,0,0
17812,0,0,0,0,0,0,2,0
17813,0,0,0,0,0,0,2,0
17814,1,1,1,0,0,1,2,0
17815,0,0,0,0,0,0,2,0
17816,1,1,0,0,1,1,0,0
17817,0,0,0,0,0,0,2,0
17818,0,0,0,0,0,0,2,0
17819,0,0,0,0,0,0,2,0
17820,0,0,0,0,0,0,2,0
17821,1,1,1,1,0,0,0,0
17822,0,0,0,0,0,0,2,0
17823,0,0,0,0,0,0,3,0
17824,0,0,0,0,0,0,2,0
17825,0,0,0,0,0,0,2,0
17826,0,0,0,0,0,0,2,0
17827,0,0,0,0,0,0,1,0
17828,1,1,0,0,1,1,2,0
17829,0,0,0,0,0,0,1,0
17830,0,0,0,0,0,0,1,0
17831,1,1,0,1,1,0,2,0
17832,0,0,0,0,0,0,1,0
17833,0,0,0,0,0,0,2,0
17834,0,0,0,0,0,0,0,0
17835,0,0,0,0,0,0,1,0
17836,2,2,2,1,0,1,1,0
17837,0,0,0,0,0,0,3,0
17838,0,0,0,0,0,0,3,0
17839,0,0,0,0,0,0,2,0
17840,0,0,0,0,0,0,1,0
17841,0,0,0,0,0,0,0,0
17842,0,0,0,0,0,0,1,0
17843,1,1,0,0,1,1,1,0
17844,0,0,0,0,0,0,2,0
17845,0,0,0,0,0,0,2,0
17846,0,0,0,0,0,0,2,0
17847,0,0,0,0,0,0,0,0
17848,0,0,0,0,0,0,1,0
17849,0,0,0,0,0,0,0,0
17850,1,1,1,0,0,1,2,0
17851,0,0,0,0,0,0,1,0
17852,0,0,0,0,0,0,3,0
17853,0,0,0,0,0,0,2,0
17854,0,0,0,0,0,0,2,0
17855,1,1,1,1,0,0,2,0
17856,0,0,0,0,0,0,3,0
17857,0,0,0,0,0,0,2,0
17858,1,1,0,1,1,0,1,0
17859,0,0,0,0,0,0,1,0
17860,0,0,0,0,0,0,0,0
17861,0,0,0,0,0,0,0,0
17862,0,0,0,0,0,0,0,0
17863,1,0,0,0,0,0,3,0
17864,0,0,0,0,0,0,0,0
17865,1,1,1,0,0,1,1,0
17866,0,0,0,0,0,0,1,0
17867,0,0,0,0,0,0,2,0
17868,0,0,0,0,0,0,3,0
17869,0,0,0,0,0,0,2,0
17870,0,0,0,0,0,0,0,0
17871,1,1,0,0,1,1,1,0
17872,0,0,0,0,0,0,0,0
17873,0,0,0,0,0,0,0,0
17874,0,0,0,0,0,0,0,0
17875,0,0,0,0,0,0,0,0
17876,0,0,0,0,0,0,0,0
17877,1,1,0,0,1,1,1,0
17878,0,0,0,0,0,0,1,0
17879,0,0,0,0,0,0,0,0
17880,0,0,0,0,0,0,0,0
17881,1,1,0,0,1,1,0,0
17882,0,0,0,0,0,0,1,0
17883,0,0,0,0,0,0,0,0
17884,0,0,0,0,0,0,1,0
17885,0,0,0,0,0,0,0,0
17886,0,0,0,0,0,0,0,0
17887,0,0,0,0,0,0,2,0
17888,2,2,0,0,2,2,1,0
17889,0,0,0,0,0,0,1,0
17890,0,0,0,0,0,0,1,0
17891,0,0,0,0,0,0,1,0
17892,0,0,0,0,0,0,0,0
17893,0,0,0,0,0,0,2,0
17894,0,0,0,0,0,0,1,0
17895,0,0,0,0,0,0,0,0
17896,0,0,0,0,0,0,1,0
17897,0,0,0,0,0,0,1,0
17898,1,1,1,1,0,0,1,0
17899,1,1,1,0,0,1,2,0
17900,0,0,0,0,0,0,0,0
17901,0,0,0,0,0,0,1,0
17902,0,0,0,0,0,0,0,0
17903,0,0,0,0,0,0,1,0
17904,0,0,0,0,0,0,1,0
17905,0,0,0,0,0,0,0,0
17906,0,0,0,0,0,0,0,0
17907,0,0,0,0,0,0,0,0
17908,0,0,0,0,0,0,0,0
17909,0,0,0,0,0,0,1,0
17910,0,0,0,0,0,0,2,0
17911,0,0,0,0,0,0,1,0
17912,0,0,0,0,0,0,1,0
17913,0,0,0,0,0,0,3,0
17914,0,0,0,0,0,0,3,0
17915,0,0,0,0,0,0,1,0
17916,0,0,0,0,0,0,1,0
17917,0,0,0,0,0,0,1,0
17918,0,0,0,0,0,0,1,0
17919,0,0,0,0,0,0,2,0
17920,2,2,0,0,2,2,0,0
17921,0,0,0,0,0,0,2,0
17922,0,0,0,0,0,0,2,0
17923,0,0,0,0,0,0,1,0
17924,0,0,0,0,0,0,3,0
17925,0,0,0,0,0,0,4,0
17926,0,0,0,0,0,0,3,0
17927,0,0,0,0,0,0,5,0
17928,0,0,0,0,0,0,4,0
17929,0,0,0,0,0,0,3,0
17930,0,0,0,0,0,0,2,0
17931,0,0,0,0,0,0,1,0
17932,0,0,0,0,0,0,3,0
17933,0,0,0,0,0,0,2,0
17934,0,0,0,0,0,0,3,0
17935,0,0,0,0,0,0,5,0
17936,0,0,0,0,0,0,3,0
17937,0,0,0,0,0,0,2,0
17938,0,0,0,0,0,0,4,0
17939,0,0,0,0,0,0,5,0
17940,0,0,0,0,0,0,1,0
17941,0,0,0,0,0,0,2,0
17942,1,1,1,0,0,1,1,0
17943,0,0,0,0,0,0,3,0
17944,1,1,1,0,0,1,1,0
17945,0,0,0,0,0,0,2,0
17946,0,0,0,0,0,0,2,0
17947,0,0,0,0,0,0,4,0
17948,0,0,0,0,0,0,1,0
17949,0,0,0,0,0,0,1,0
17950,0,0,0,0,0,0,1,0
17951,0,0,0,0,0,0,2,0
17952,0,0,0,0,0,0,0,0
17953,0,0,0,0,0,0,0,0
17954,0,0,0,0,0,0,0,0
17955,0,0,0,0,0,0,0,0
17956,0,0,0,0,0,0,1,0
17957,1,1,0,0,1,1,3,0
17958,0,0,0,0,0,0,0,0
17959,0,0,0,0,0,0,0,0
17960,0,0,0,0,0,0,1,0
17961,0,0,0,0,0,0,0,0
17962,0,0,0,0,0,0,0,0
17963,0,0,0,0,0,0,2,0
17964,0,0,0,0,0,0,2,0
17965,0,0,0,0,0,0,1,0
17966,0,0,0,0,0,0,0,0
17967,0,0,0,0,0,0,1,0
17968,1,1,0,0,1,1,1,0
17969,0,0,0,0,0,0,0,0
17970,0,0,0,0,0,0,0,0
17971,1,1,1,0,0,1,0,0
17972,0,0,0,0,0,0,2,0
17973,0,0,0,0,0,0,1,0
17974,0,0,0,0,0,0,1,0
17975,0,0,0,0,0,0,0,0
17976,0,0,0,0,0,0,0,0
17977,0,0,0,0,0,0,2,0
17978,0,0,0,0,0,0,0,0
17979,0,0,0,0,0,0,0,0
17980,0,0,0,0,0,0,0,0
17981,1,1,1,0,0,1,1,0
17982,1,1,1,0,0,1,0,0
17983,0,0,0,0,0,0,2,0
17984,0,0,0,0,0,0,2,0
17985,0,0,0,0,0,0,0,0
17986,0,0,0,0,0,0,0,0
17987,0,0,0,0,0,0,2,0
17988,1,1,1,0,0,1,0,0
17989,0,0,0,0,0,0,2,0
17990,0,0,0,0,0,0,0,0
17991,1,1,1,0,0,1,1,0
17992,0,0,0,0,0,0,0,0
17993,0,0,0,0,0,0,1,0
17994,0,0,0,0,0,0,0,0
17995,1,1,0,0,1,1,0,0
17996,0,0,0,0,0,0,0,0
17997,0,0,0,0,0,0,0,0
17998,0,0,0,0,0,0,0,0
17999,0,0,0,0,0,0,0,0
18000,0,0,0,0,0,0,1,0
18001,0,0,0,0,0,0,0,0
18002,0,0,0,0,0,0,0,0
18003,0,0,0,0,0,0,0,0
18004,0,0,0,0,0,0,0,0
18005,0,0,0,0,0,0,1,0
18006,1,1,0,0,1,1,1,0
18007,0,0,0,0,0,0,1,0
18008,0,0,0,0,0,0,0,0
18009,0,0,0,0,0,0,2,0
18010,0,0,0,0,0,0,1,0
18011,0,0,0,0,0,0,0,0
18012,0,0,0,0,0,0,0,0
18013,0,0,0,0,0,0,0,0
18014,0,0,0,0,0,0,1,0
18015,0,0,0,0,0,0,0,0
18016,1,1,1,1,0,0,1,0
18017,0,0,0,0,0,0,1,0
18018,0,0,0,0,0,0,1,0
18019,0,0,0,0,0,0,2,0
18020,0,0,0,0,0,0,0,0
18021,0,0,0,0,0,0,1,0
18022,0,0,0,0,0,0,1,0
18023,0,0,0,0,0,0,4,0
18024,0,0,0,0,0,0,2,0
18025,0,0,0,0,0,0,1,0
18026,1,1,1,0,0,1,0,0
18027,0,0,0,0,0,0,1,0
18028,0,0,0,0,0,0,1,0
18029,1,1,1,0,0,1,1,0
18030,0,0,0,0,0,0,4,0
18031,0,0,0,0,0,0,3,0
18032,0,0,0,0,0,0,3,0
18033,1,1,0,0,1,1,3,0
18034,0,0,0,0,0,0,3,0
18035,0,0,0,0,0,0,3,0
18036,0,0,0,0,0,0,0,0
18037,0,0,0,0,0,0,4,0
18038,0,0,0,0,0,0,1,0
18039,0,0,0,0,0,0,3,0
18040,0,0,0,0,0,0,0,0
18041,0,0,0,0,0,0,4,0
18042,0,0,0,0,0,0,1,0
18043,0,0,0,0,0,0,3,0
18044,0,0,0,0,0,0,3,0
18045,0,0,0,0,0,0,2,0
18046,0,0,0,0,0,0,3,0
18047,0,0,0,0,0,0,1,0
18048,0,0,0,0,0,0,1,0
18049,0,0,0,0,0,0,2,0
18050,0,0,0,0,0,0,3,0
18051,0,0,0,0,0,0,1,0
18052,0,0,0,0,0,0,3,0
18053,0,0,0,0,0,0,2,0
18054,0,0,0,0,0,0,1,0
18055,0,0,0,0,0,0,4,0
18056,0,0,0,0,0,0,2,0
18057,0,0,0,0,0,0,2,0
18058,0,0,0,0,0,0,3,0
18059,0,0,0,0,0,0,5,0
18060,0,0,0,0,0,0,4,0
18061,0,0,0,0,0,0,4,0
18062,1,1,1,0,0,1,4,0
18063,0,0,0,0,0,0,0,0
18064,0,0,0,0,0,0,2,0
18065,0,0,0,0,0,0,5,0
18066,1,2,2,0,0,2,3,0
18067,0,0,0,0,0,0,3,0
18068,0,0,0,0,0,0,3,0
18069,0,0,0,0,0,0,5,0
18070,0,0,0,0,0,0,3,0
18071,2,2,2,1,0,1,1,0
18072,0,0,0,0,0,0,3,0
18073,0,0,0,0,0,0,2,0
18074,0,0,0,0,0,0,4,0
18075,0,0,0,0,0,0,3,0
18076,0,0,0,0,0,0,1,0
18077,0,0,0,0,0,0,4,0
18078,0,0,0,0,0,0,5,0
18079,0,0,0,0,0,0,3,0
18080,0,0,0,0,0,0,4,0
18081,2,2,2,0,0,2,6,0
18082,0,0,0,0,0,0,5,0
18083,0,0,0,0,0,0,10,0
18084,0,0,0,0,0,0,5,0
18085,1,1,1,0,0,1,2,0
18086,2,2,2,0,0,2,3,0
18087,0,0,0,0,0,0,5,0
18088,1,1,1,0,0,1,2,0
18089,0,0,0,0,0,0,3,0
18090,0,0,0,0,0,0,4,0
18091,0,0,0,0,0,0,4,0
18092,0,0,0,0,0,0,4,0
18093,0,0,0,0,0,0,8,0
18094,0,0,0,0,0,0,4,0
18095,1,1,1,0,0,1,2,0
18096,0,0,0,0,0,0,6,0
18097,0,0,0,0,0,0,3,0
18098,0,0,0,0,0,0,5,0
18099,0,0,0,0,0,0,5,0
18100,0,0,0,0,0,0,6,0
18101,0,0,0,0,0,0,4,0
18102,0,0,0,0,0,0,6,0
18103,0,0,0,0,0,0,5,0
18104,0,0,0,0,0,0,6,0
18105,0,0,0,0,0,0,10,0
18106,0,0,0,0,0,0,6,0
18107,0,0,0,0,0,0,3,0
18108,0,0,0,0,0,0,1,0
18109,0,0,0,0,0,0,2,0
18110,0,0,0,0,0,0,5,0
18111,0,0,0,0,0,0,8,0
18112,0,0,0,0,0,0,0,0
18113,0,0,0,0,0,0,7,0
18114,1,1,1,1,0,0,5,0
18115,0,0,0,0,0,0,6,0
18116,0,0,0,0,0,0,3,0
18117,0,0,0,0,0,0,1,0
18118,0,0,0,0,0,0,6,0
18119,0,0,0,0,0,0,3,0
18120,1,1,0,0,1,1,2,0
18121,0,0,0,0,0,0,1,0
18122,0,0,0,0,0,0,4,0
18123,0,0,0,0,0,0,3,0
18124,0,0,0,0,0,0,3,0
18125,0,0,0,0,0,0,4,0
18126,0,0,0,0,0,0,3,0
18127,0,0,0,0,0,0,2,0
18128,0,0,0,0,0,0,1,0
18129,0,0,0,0,0,0,2,0
18130,1,1,0,0,1,1,1,0
18131,0,0,0,0,0,0,3,1
18132,0,0,0,0,0,0,1,1
18133,0,0,0,0,0,0,1,1
18134,0,0,0,0,0,0,2,1
18135,0,0,0,0,0,0,2,1
18136,1,1,0,1,1,0,4,1
18137,0,0,0,0,0,0,0,1
18138,0,0,0,0,0,0,4,1
18139,0,0,0,0,0,0,3,1
18140,0,0,0,0,0,0,5,1
18141,0,0,0,0,0,0,3,1
18142,0,0,0,0,0,0,3,1
18143,0,0,0,0,0,0,2,1
18144,0,0,0,0,0,0,2,1
18145,0,0,0,0,0,0,4,1
18146,0,0,0,0,0,0,2,1
18147,1,1,0,0,1,1,3,1
18148,1,1,1,0,0,1,3,1
18149,0,0,0,0,0,0,4,1
18150,0,0,0,0,0,0,2,1
18151,0,0,0,0,0,0,1,1
18152,0,0,0,0,0,0,4,1
18153,0,0,0,0,0,0,3,1
18154,1,1,0,1,1,0,3,1
18155,0,0,0,0,0,0,2,1
18156,0,0,0,0,0,0,4,1
18157,0,0,0,0,0,0,3,1
18158,0,0,0,0,0,0,0,1
18159,0,0,0,0,0,0,3,1
18160,0,0,0,0,0,0,2,0
18161,0,0,0,0,0,0,0,0
18162,0,0,0,0,0,0,0,0
18163,0,0,0,0,0,0,6,0
18164,1,1,0,0,1,1,2,0
18165,0,0,0,0,0,0,1,0
18166,0,0,0,0,0,0,3,0
18167,0,0,0,0,0,0,1,0
18168,0,0,0,0,0,0,3,0
18169,2,2,1,0,1,2,5,0
18170,1,1,0,0,1,1,5,0
18171,0,0,0,0,0,0,5,0
18172,0,0,0,0,0,0,2,0
18173,0,0,0,0,0,0,3,0
18174,0,0,0,0,0,0,2,0
18175,0,0,0,0,0,0,1,0
18176,0,0,0,0,0,0,3,0
18177,0,0,0,0,0,0,8,0
18178,0,0,0,0,0,0,5,0
18179,0,0,0,0,0,0,7,0
18180,0,0,0,0,0,0,0,0
18181,0,0,0,0,0,0,2,0
18182,0,0,0,0,0,0,1,0
18183,0,0,0,0,0,0,0,0
18184,0,0,0,0,0,0,6,0
18185,1,1,0,0,1,1,4,0
18186,0,0,0,0,0,0,1,0
18187,0,0,0,0,0,0,4,0
18188,0,0,0,0,0,0,1,0
18189,0,0,0,0,0,0,3,0
18190,0,0,0,0,0,0,2,0
18191,1,1,0,1,1,0,6,0
18192,0,0,0,0,0,0,2,0
18193,0,0,0,0,0,0,2,0
18194,1,1,1,0,0,1,4,0
18195,0,0,0,0,0,0,3,0
18196,0,0,0,0,0,0,1,0
18197,0,0,0,0,0,0,1,0
18198,0,0,0,0,0,0,2,0
18199,0,0,0,0,0,0,1,0
18200,0,0,0,0,0,0,2,0
18201,0,0,0,0,0,0,3,0
18202,0,0,0,0,0,0,0,0
18203,0,0,0,0,0,0,6,0
18204,0,0,0,0,0,0,3,0
18205,0,0,0,0,0,0,5,0
18206,1,1,1,0,0,1,0,0
18207,0,0,0,0,0,0,4,0
18208,0,0,0,0,0,0,5,0
18209,0,0,0,0,0,0,6,0
18210,0,0,0,0,0,0,5,0
18211,0,0,0,0,0,0,5,0
18212,0,0,0,0,0,0,5,0
18213,0,0,0,0,0,0,6,0
18214,0,0,0,0,0,0,3,0
18215,0,0,0,0,0,0,7,0
18216,0,0,0,0,0,0,3,0
18217,0,0,0,0,0,0,4,0
18218,0,0,0,0,0,0,2,0
18219,1,1,0,0,1,1,9,0
18220,0,0,0,0,0,0,5,0
18221,1,1,0,0,1,1,1,0
18222,0,0,0,0,0,0,4,0
18223,0,0,0,0,0,0,6,0
18224,0,0,0,0,0,0,6,0
18225,0,0,0,0,0,0,8,0
18226,0,0,0,0,0,0,6,0
18227,0,0,0,0,0,0,6,0
18228,0,0,0,0,0,0,1,0
18229,0,0,0,0,0,0,0,0
18230,0,0,0,0,0,0,0,0
18231,0,0,0,0,0,0,3,0
18232,0,0,0,0,0,0,3,0
18233,0,0,0,0,0,0,10,0
18234,0,0,0,0,0,0,3,0
18235,0,0,0,0,0,0,2,0
18236,0,0,0,0,0,0,8,0
18237,0,0,0,0,0,0,6,0
18238,0,0,0,0,0,0,4,0
18239,1,1,0,1,1,0,0,0
18240,0,0,0,0,0,0,6,0
18241,1,0,0,0,0,0,4,0
18242,0,0,0,0,0,0,6,0
18243,0,0,0,0,0,0,5,0
18244,0,0,0,0,0,0,2,0
18245,0,0,0,0,0,0,4,0
18246,0,0,0,0,0,0,8,0
18247,0,0,0,0,0,0,2,0
18248,2,2,0,1,2,1,3,0
18249,1,1,0,0,1,1,2,0
18250,0,0,0,0,0,0,7,0
18251,0,0,0,0,0,0,2,0
18252,0,0,0,0,0,0,6,0
18253,0,0,0,0,0,0,4,0
18254,0,0,0,0,0,0,6,0
18255,0,0,0,0,0,0,3,0
18256,0,0,0,0,0,0,4,0
18257,1,1,1,0,0,1,2,0
18258,0,0,0,0,0,0,3,0
18259,0,0,0,0,0,0,0,0
18260,0,0,0,0,0,0,6,0
18261,0,0,0,0,0,0,4,0
18262,1,1,1,1,0,0,0,0
18263,1,1,0,0,1,1,1,0
18264,0,0,0,0,0,0,0,0
18265,1,1,1,0,0,1,7,0
18266,0,0,0,0,0,0,3,0
18267,0,0,0,0,0,0,2,0
18268,2,1,0,0,1,1,3,0
18269,0,0,0,0,0,0,4,0
18270,1,1,1,0,0,1,2,0
18271,2,1,0,1,1,0,1,0
18272,0,0,0,0,0,0,1,0
18273,0,0,0,0,0,0,3,0
18274,0,0,0,0,0,0,1,0
18275,0,0,0,0,0,0,3,0
18276,0,1,0,0,1,1,0,0
18277,2,2,1,0,1,2,2,0
18278,0,0,0,0,0,0,1,0
18279,1,1,0,1,1,0,2,0
18280,0,0,0,0,0,0,1,0
18281,1,1,0,0,1,1,3,0
18282,0,0,0,0,0,0,0,0
18283,0,0,0,0,0,0,2,0
18284,0,0,0,0,0,0,5,0
18285,0,0,0,0,0,0,1,0
18286,0,0,0,0,0,0,7,0
18287,0,0,0,0,0,0,4,0
18288,0,0,0,0,0,0,5,0
18289,0,0,0,0,0,0,0,0
18290,0,0,0,0,0,0,0,0
18291,1,1,0,0,1,1,2,0
18292,0,0,0,0,0,0,2,0
18293,0,0,0,0,0,0,1,0
18294,0,0,0,0,0,0,3,0
18295,4,4,0,0,4,4,2,0
18296,0,0,0,0,0,0,4,0
18297,0,0,0,0,0,0,2,0
18298,0,0,0,0,0,0,3,0
18299,0,0,0,0,0,0,2,0
18300,0,0,0,0,0,0,2,0
18301,0,0,0,0,0,0,2,0
18302,0,0,0,0,0,0,7,0
18303,0,0,0,0,0,0,0,0
18304,0,0,0,0,0,0,3,0
18305,0,0,0,0,0,0,4,0
18306,0,0,0,0,0,0,4,0
18307,1,1,1,0,0,1,0,0
18308,1,1,0,0,1,1,0,0
18309,0,0,0,0,0,0,2,0
18310,1,1,0,1,1,0,0,0
18311,1,1,0,1,1,0,2,0
18312,0,0,0,0,0,0,5,0
18313,0,0,0,0,0,0,5,0
18314,0,0,0,0,0,0,4,0
18315,0,0,0,0,0,0,2,0
18316,0,0,0,0,0,0,4,0
18317,1,1,1,1,0,0,0,0
18318,0,0,0,0,0,0,3,0
18319,0,0,0,0,0,0,6,0
18320,0,0,0,0,0,0,0,0
18321,0,0,0,0,0,0,5,0
18322,0,0,0,0,0,0,2,0
18323,0,0,0,0,0,0,1,0
18324,0,0,0,0,0,0,2,0
18325,0,0,0,0,0,0,3,0
18326,0,0,0,0,0,0,2,0
18327,0,0,0,0,0,0,1,0
18328,0,0,0,0,0,0,1,0
18329,1,1,0,1,1,0,0,0
18330,0,0,0,0,0,0,2,0
18331,2,1,0,0,1,1,0,0
18332,0,0,0,0,0,0,0,0
18333,0,0,0,0,0,0,0,0
18334,0,0,0,0,0,0,0,0
18335,0,0,0,0,0,0,1,0
18336,0,0,0,0,0,0,1,0
18337,1,1,1,0,0,1,2,0
18338,2,2,2,0,0,2,2,0
18339,0,0,0,0,0,0,0,0
18340,0,0,0,0,0,0,2,0
18341,0,0,0,0,0,0,2,0
18342,1,1,0,0,1,1,2,0
18343,0,0,0,0,0,0,2,0
18344,1,1,0,0,1,1,0,0
18345,0,0,0,0,0,0,1,0
18346,0,0,0,0,0,0,3,0
18347,0,0,0,0,0,0,0,0
18348,1,0,0,0,0,0,1,0
18349,0,1,0,0,1,1,0,0
18350,0,0,0,0,0,0,0,0
18351,0,0,0,0,0,0,2,0
18352,1,1,0,0,1,1,1,0
18353,0,0,0,0,0,0,3,0
18354,0,0,0,0,0,0,3,0
18355,0,0,0,0,0,0,2,0
18356,0,0,0,0,0,0,4,0
18357,0,0,0,0,0,0,2,0
18358,0,0,0,0,0,0,2,0
18359,0,0,0,0,0,0,0,0
18360,0,0,0,0,0,0,0,0
18361,0,0,0,0,0,0,3,0
18362,0,0,0,0,0,0,3,0
18363,0,0,0,0,0,0,3,0
18364,1,1,1,0,0,1,1,0
18365,0,0,0,0,0,0,1,0
18366,1,1,0,0,1,1,0,0
18367,0,0,0,0,0,0,3,0
18368,1,1,0,0,1,1,1,0
18369,0,0,0,0,0,0,2,0
18370,0,0,0,0,0,0,1,0
18371,0,0,0,0,0,0,0,0
18372,0,0,0,0,0,0,0,0
18373,0,0,0,0,0,0,0,0
18374,0,0,0,0,0,0,1,0
18375,0,0,0,0,0,0,1,0
18376,1,1,0,0,1,1,6,0
18377,0,0,0,0,0,0,5,0
18378,1,1,0,0,1,1,3,0
18379,0,0,0,0,0,0,5,0
18380,0,0,0,0,0,0,1,0
18381,0,0,0,0,0,0,2,0
18382,0,0,0,0,0,0,5,0
18383,0,0,0,0,0,0,6,0
18384,0,0,0,0,0,0,2,0
18385,1,1,0,0,1,1,1,0
18386,0,0,0,0,0,0,1,0
18387,0,0,0,0,0,0,0,0
18388,0,0,0,0,0,0,4,0
18389,0,0,0,0,0,0,4,0
18390,0,0,0,0,0,0,3,0
18391,1,1,0,0,1,1,2,0
18392,0,0,0,0,0,0,4,0
18393,2,2,0,0,2,2,1,0
18394,0,0,0,0,0,0,0,0
18395,0,0,0,0,0,0,1,0
18396,0,0,0,0,0,0,0,0
18397,1,1,0,0,1,1,0,0
18398,0,0,0,0,0,0,2,0
18399,0,0,0,0,0,0,2,0
18400,0,0,0,0,0,0,2,0
18401,0,0,0,0,0,0,2,0
18402,0,0,0,0,0,0,4,0
18403,1,1,1,1,0,0,4,0
18404,0,0,0,0,0,0,2,0
18405,0,0,0,0,0,0,2,0
18406,0,0,0,0,0,0,4,0
18407,0,0,0,0,0,0,2,0
18408,0,0,0,0,0,0,2,0
18409,0,0,0,0,0,0,2,0
18410,1,1,0,0,1,1,1,0
18411,0,0,0,0,0,0,3,0
18412,0,0,0,0,0,0,2,0
18413,0,0,0,0,0,0,2,0
18414,0,0,0,0,0,0,2,0
18415,0,0,0,0,0,0,2,0
18416,0,0,0,0,0,0,2,0
18417,0,0,0,0,0,0,0,0
18418,0,0,0,0,0,0,2,0
18419,0,0,0,0,0,0,1,0
18420,0,0,0,0,0,0,0,0
18421,0,0,0,0,0,0,2,0
18422,0,0,0,0,0,0,0,0
18423,1,1,0,0,1,1,0,0
18424,1,1,1,0,0,1,0,0
18425,0,0,0,0,0,0,2,0
18426,0,0,0,0,0,0,4,0
18427,0,0,0,0,0,0,0,0
18428,0,0,0,0,0,0,0,0
18429,0,0,0,0,0,0,2,0
18430,0,0,0,0,0,0,0,0
18431,0,0,0,0,0,0,0,0
18432,1,1,0,1,1,0,2,0
18433,0,0,0,0,0,0,2,0
18434,0,0,0,0,0,0,0,0
18435,0,0,0,0,0,0,2,0
18436,0,0,0,0,0,0,4,0
18437,0,0,0,0,0,0,3,0
18438,0,0,0,0,0,0,1,0
18439,1,1,1,0,0,1,1,0
18440,1,1,0,0,1,1,2,0
18441,0,0,0,0,0,0,1,0
18442,1,1,1,1,0,0,0,0
18443,0,0,0,0,0,0,0,0
18444,0,0,0,0,0,0,0,0
18445,0,0,0,0,0,0,1,0
18446,0,0,0,0,0,0,0,0
18447,0,0,0,0,0,0,0,0
18448,0,0,0,0,0,0,2,0
18449,0,0,0,0,0,0,3,0
18450,0,0,0,0,0,0,0,0
18451,0,0,0,0,0,0,1,0
18452,0,0,0,0,0,0,2,0
18453,0,0,0,0,0,0,2,0
18454,0,0,0,0,0,0,1,0
18455,0,0,0,0,0,0,2,0
18456,0,0,0,0,0,0,0,0
18457,0,0,0,0,0,0,1,0
18458,1,1,0,0,1,1,2,0
18459,0,0,0,0,0,0,2,0
18460,0,0,0,0,0,0,1,0
18461,0,0,0,0,0,0,1,0
18462,0,0,0,0,0,0,2,0
18463,0,0,0,0,0,0,1,0
18464,0,0,0,0,0,0,2,0
18465,0,0,0,0,0,0,3,0
18466,0,0,0,0,0,0,2,0
18467,1,1,1,0,0,1,0,0
18468,3,3,1,0,2,3,2,0
18469,0,0,0,0,0,0,2,0
18470,0,0,0,0,0,0,2,0
18471,0,0,0,0,0,0,0,0
18472,0,0,0,0,0,0,1,0
18473,0,0,0,0,0,0,0,0
18474,0,0,0,0,0,0,0,0
18475,0,0,0,0,0,0,2,0
18476,0,0,0,0,0,0,2,0
18477,0,0,0,0,0,0,0,0
18478,0,0,0,0,0,0,1,0
18479,0,0,0,0,0,0,0,0
18480,0,0,0,0,0,0,0,0
18481,0,0,0,0,0,0,0,0
18482,0,0,0,0,0,0,0,0
18483,0,0,0,0,0,0,0,0
18484,0,0,0,0,0,0,0,0
18485,0,0,0,0,0,0,1,1
18486,0,0,0,0,0,0,0,1
18487,0,0,0,0,0,0,0,1
18488,1,1,0,1,1,0,0,1
18489,0,0,0,0,0,0,0,1
18490,0,0,0,0,0,0,1,1
18491,0,0,0,0,0,0,0,1
18492,0,0,0,0,0,0,1,1
18493,0,0,0,0,0,0,1,1
18494,0,0,0,0,0,0,0,1
18495,1,1,0,0,1,1,0,1
18496,0,0,0,0,0,0,0,1
18497,2,2,0,0,2,2,1,1
18498,0,0,0,0,0,0,0,1
18499,0,0,0,0,0,0,0,1
18500,0,0,0,0,0,0,0,1
18501,3,1,0,0,1,1,1,1
18502,0,0,0,0,0,0,1,1
18503,0,0,0,0,0,0,0,1
18504,0,0,0,0,0,0,2,1
18505,0,0,0,0,0,0,2,1
18506,0,0,0,0,0,0,1,1
18507,0,0,0,0,0,0,0,1
18508,2,2,0,0,2,2,0,1
18509,1,2,0,0,2,2,1,1
18510,0,0,0,0,0,0,0,1
18511,1,1,0,0,1,1,1,1
18512,0,0,0,0,0,0,0,1
18513,3,3,1,0,2,3,0,1
18514,1,1,0,0,1,1,0,1
18515,0,0,0,0,0,0,0,0
18516,0,0,0,0,0,0,0,0
18517,1,1,1,0,0,1,0,0
18518,0,0,0,0,0,0,0,0
18519,2,2,0,1,2,1,0,0
18520,2,2,0,0,2,2,1,0
18521,0,0,0,0,0,0,1,0
18522,0,0,0,0,0,0,1,0
18523,0,0,0,0,0,0,0,0
18524,1,1,0,0,1,1,0,0
18525,1,1,0,0,1,1,2,0
18526,2,2,1,0,1,2,1,0
18527,0,0,0,0,0,0,0,0
18528,0,0,0,0,0,0,1,0
18529,0,0,0,0,0,0,0,0
18530,1,1,0,1,1,0,0,0
18531,3,3,0,0,3,3,0,0
18532,1,1,0,0,1,1,0,0
18533,1,1,0,0,1,1,1,0
18534,0,0,0,0,0,0,0,0
18535,0,0,0,0,0,0,0,0
18536,0,0,0,0,0,0,2,0
18537,2,2,2,0,0,2,0,0
18538,0,0,0,0,0,0,3,0
18539,1,1,0,0,1,1,2,0
18540,0,0,0,0,0,0,1,0
18541,2,2,0,0,2,2,3,0
18542,1,1,0,0,1,1,2,0
18543,2,1,0,0,1,1,0,0
18544,0,0,0,0,0,0,1,0
18545,1,1,0,0,1,1,0,0
18546,0,0,0,0,0,0,5,0
18547,0,0,0,0,0,0,3,0
18548,1,1,0,0,1,1,3,0
18549,0,0,0,0,0,0,2,0
18550,2,2,0,0,2,2,0,0
18551,0,0,0,0,0,0,1,0
18552,0,0,0,0,0,0,0,0
18553,1,1,0,0,1,1,2,0
18554,0,0,0,0,0,0,2,0
18555,0,0,0,0,0,0,2,0
18556,0,0,0,0,0,0,1,0
18557,0,0,0,0,0,0,5,0
18558,0,0,0,0,0,0,4,0
18559,0,0,0,0,0,0,2,0
18560,0,0,0,0,0,0,0,0
18561,0,0,0,0,0,0,1,0
18562,2,2,1,0,1,2,0,0
18563,1,1,0,0,1,1,1,0
18564,0,0,0,0,0,0,2,0
18565,0,0,0,0,0,0,0,0
18566,0,0,0,0,0,0,1,0
18567,1,1,0,0,1,1,0,0
18568,0,0,0,0,0,0,2,0
18569,3,3,0,0,3,3,1,0
18570,0,0,0,0,0,0,0,0
18571,0,0,0,0,0,0,0,0
18572,0,0,0,0,0,0,1,0
18573,2,2,0,0,2,2,1,0
18574,0,0,0,0,0,0,0,0
18575,0,0,0,0,0,0,0,0
18576,0,0,0,0,0,0,1,0
18577,1,1,0,0,1,1,0,0
18578,0,0,0,0,0,0,1,0
18579,1,1,0,0,1,1,1,0
18580,0,0,0,0,0,0,0,0
18581,0,0,0,0,0,0,0,0
18582,1,1,0,0,1,1,0,0
18583,0,0,0,0,0,0,0,0
18584,0,0,0,0,0,0,0,0
18585,1,1,0,0,1,1,0,0
18586,0,0,0,0,0,0,0,0
18587,1,1,0,0,1,1,0,0
18588,1,1,0,0,1,1,1,0
18589,0,0,0,0,0,0,1,0
18590,0,0,0,0,0,0,0,0
18591,0,0,0,0,0,0,0,0
18592,1,1,0,0,1,1,3,0
18593,0,0,0,0,0,0,1,0
18594,1,1,0,0,1,1,0,0
18595,0,0,0,0,0,0,1,0
18596,0,0,0,0,0,0,0,0
18597,0,0,0,0,0,0,1,0
18598,0,0,0,0,0,0,0,0
18599,0,0,0,0,0,0,3,0
18600,0,0,0,0,0,0,1,0
18601,0,0,0,0,0,0,1,0
18602,2,1,0,0,1,1,0,0
18603,0,0,0,0,0,0,0,0
18604,0,0,0,0,0,0,1,0
18605,0,0,0,0,0,0,0,0
18606,1,1,0,0,1,1,2,0
18607,0,0,0,0,0,0,1,0
18608,0,0,0,0,0,0,0,0
18609,0,0,0,0,0,0,0,0
18610,1,1,0,0,1,1,0,0
18611,0,0,0,0,0,0,1,0
18612,1,1,1,1,0,0,1,0
18613,3,3,0,1,3,2,0,0
18614,0,0,0,0,0,0,0,0
18615,0,0,0,0,0,0,1,0
18616,0,0,0,0,0,0,1,0
18617,0,0,0,0,0,0,0,0
18618,0,0,0,0,0,0,2,0
18619,0,0,0,0,0,0,1,0
18620,0,0,0,0,0,0,0,0
18621,0,0,0,0,0,0,2,0
18622,0,0,0,0,0,0,2,0
18623,2,2,0,0,2,2,0,0
18624,3,2,0,0,2,2,0,0
18625,0,0,0,0,0,0,1,0
18626,0,0,0,0,0,0,1,0
18627,1,1,0,0,1,1,1,0
18628,4,3,1,0,2,3,1,0
18629,0,0,0,0,0,0,2,0
18630,0,0,0,0,0,0,0,0
18631,0,0,0,0,0,0,0,0
18632,0,0,0,0,0,0,0,0
18633,0,0,0,0,0,0,1,0
18634,1,1,0,0,1,1,0,0
18635,0,0,0,0,0,0,0,0
18636,0,0,0,0,0,0,0,0
18637,0,0,0,0,0,0,0,0
18638,0,0,0,0,0,0,0,0
18639,1,1,1,0,0,1,0,0
18640,0,0,0,0,0,0,0,0
18641,0,0,0,0,0,0,2,0
18642,0,0,0,0,0,0,0,0
18643,0,0,0,0,0,0,0,0
18644,0,0,0,0,0,0,0,0
18645,1,1,0,0,1,1,0,0
18646,0,0,0,0,0,0,0,0
18647,0,0,0,0,0,0,0,0
18648,0,0,0,0,0,0,0,0
18649,0,0,0,0,0,0,0,0
18650,3,3,0,0,3,3,0,0
18651,0,0,0,0,0,0,0,0
18652,0,0,0,0,0,0,1,0
18653,0,0,0,0,0,0,0,0
18654,0,0,0,0,0,0,1,0
18655,0,0,0,0,0,0,2,0
18656,0,0,0,0,0,0,2,0
18657,0,0,0,0,0,0,1,0
18658,0,0,0,0,0,0,3,0
18659,0,0,0,0,0,0,0,0
18660,0,0,0,0,0,0,1,0
18661,0,0,0,0,0,0,0,0
18662,0,0,0,0,0,0,0,0
18663,0,0,0,0,0,0,0,0
18664,0,0,0,0,0,0,0,0
18665,0,0,0,0,0,0,0,0
18666,0,0,0,0,0,0,0,0
18667,0,0,0,0,0,0,0,0
18668,0,0,0,0,0,0,0,0
18669,0,0,0,0,0,0,1,0
18670,0,0,0,0,0,0,2,0
18671,0,0,0,0,0,0,0,0
18672,0,0,0,0,0,0,1,0
18673,0,0,0,0,0,0,0,0
18674,0,0,0,0,0,0,0,0
18675,0,0,0,0,0,0,0,0
18676,0,0,0,0,0,0,0,0
18677,0,0,0,0,0,0,0,0
18678,1,1,0,1,1,0,1,0
18679,1,1,0,0,1,1,0,0
18680,0,0,0,0,0,0,0,0
18681,0,0,0,0,0,0,2,0
18682,1,1,0,0,1,1,0,0
18683,0,0,0,0,0,0,0,0
18684,0,0,0,0,0,0,0,0
18685,0,0,0,0,0,0,0,0
18686,0,0,0,0,0,0,0,0
18687,0,0,0,0,0,0,0,0
18688,0,0,0,0,0,0,0,0
18689,0,0,0,0,0,0,0,0
18690,0,0,0,0,0,0,1,0
18691,0,0,0,0,0,0,1,0
18692,0,0,0,0,0,0,1,0
18693,0,0,0,0,0,0,0,0
18694,1,2,0,0,2,2,0,0
18695,1,0,0,0,0,0,0,0
18696,0,0,0,0,0,0,0,0
18697,2,2,0,0,2,2,0,0
18698,0,0,0,0,0,0,0,0
18699,2,2,1,0,1,2,0,0
18700,1,1,0,0,1,1,0,0
18701,0,0,0,0,0,0,1,0
18702,1,1,0,0,1,1,0,0
18703,1,1,1,0,0,1,0,0
18704,0,0,0,0,0,0,0,0
18705,0,0,0,0,0,0,0,0
18706,0,0,0,0,0,0,0,0
18707,0,0,0,0,0,0,0,0
18708,0,0,0,0,0,0,0,0
18709,0,0,0,0,0,0,0,0
18710,0,0,0,0,0,0,0,0
18711,0,0,0,0,0,0,0,0
18712,0,0,0,0,0,0,0,0
18713,0,0,0,0,0,0,0,0
18714,0,0,0,0,0,0,0,0
18715,0,0,0,0,0,0,1,0
18716,0,0,0,0,0,0,0,0
18717,0,0,0,0,0,0,0,0
18718,0,0,0,0,0,0,0,0
18719,0,0,0,0,0,0,0,0
18720,0,0,0,0,0,0,0,0
18721,0,0,0,0,0,0,0,0
18722,0,0,0,0,0,0,0,0
18723,0,0,0,0,0,0,1,0
18724,0,0,0,0,0,0,2,0
18725,0,0,0,0,0,0,1,0
18726,0,0,0,0,0,0,0,0
18727,0,0,0,0,0,0,1,0
18728,0,0,0,0,0,0,0,0
18729,0,0,0,0,0,0,1,0
18730,1,1,0,0,1,1,0,0
18731,0,0,0,0,0,0,0,0
18732,0,0,0,0,0,0,0,0
18733,0,0,0,0,0,0,0,0
18734,0,0,0,0,0,0,0,0
18735,0,0,0,0,0,0,1,0
18736,0,0,0,0,0,0,0,0
18737,0,0,0,0,0,0,0,0
18738,0,0,0,0,0,0,0,0
18739,1,1,1,0,0,1,1,0
18740,0,0,0,0,0,0,0,0
18741,0,0,0,0,0,0,1,0
18742,0,0,0,0,0,0,0,0
18743,0,0,0,0,0,0,0,0
18744,0,0,0,0,0,0,0,0
18745,0,0,0,0,0,0,0,0
18746,0,0,0,0,0,0,1,0
18747,0,0,0,0,0,0,0,0
18748,0,0,0,0,0,0,1,0
18749,0,0,0,0,0,0,0,0
18750,0,0,0,0,0,0,0,0
18751,0,0,0,0,0,0,0,0
18752,0,0,0,0,0,0,1,0
18753,1,1,0,0,1,1,0,0
18754,0,0,0,0,0,0,0,0
18755,0,0,0,0,0,0,0,0
18756,0,0,0,0,0,0,0,0
18757,1,1,0,0,1,1,1,0
18758,0,0,0,0,0,0,0,0
18759,1,1,0,0,1,1,0,0
18760,1,1,0,0,1,1,0,0
18761,0,0,0,0,0,0,0,0
18762,0,0,0,0,0,0,0,0
18763,2,2,0,0,2,2,0,0
18764,0,0,0,0,0,0,0,0
18765,0,0,0,0,0,0,0,0
18766,0,0,0,0,0,0,0,0
18767,1,1,0,0,1,1,1,0
18768,0,0,0,0,0,0,0,0
18769,0,0,0,0,0,0,1,0
18770,1,1,0,0,1,1,1,0
18771,0,0,0,0,0,0,0,0
18772,0,0,0,0,0,0,0,0
18773,0,0,0,0,0,0,0,0
18774,0,0,0,0,0,0,2,0
18775,0,0,0,0,0,0,0,0
18776,0,0,0,0,0,0,0,0
18777,0,0,0,0,0,0,0,0
18778,0,0,0,0,0,0,0,0
18779,0,0,0,0,0,0,0,0
18780,0,0,0,0,0,0,0,0
18781,1,1,0,1,1,0,0,0
18782,0,0,0,0,0,0,0,0
18783,0,0,0,0,0,0,0,0
18784,3,2,0,0,2,2,0,0
18785,0,0,0,0,0,0,0,0
18786,2,2,2,0,0,2,1,0
18787,0,0,0,0,0,0,0,0
18788,0,0,0,0,0,0,0,0
18789,0,0,0,0,0,0,1,0
18790,0,0,0,0,0,0,1,0
18791,0,0,0,0,0,0,0,0
18792,0,0,0,0,0,0,0,0
18793,3,2,1,0,1,2,0,0
18794,0,0,0,0,0,0,0,0
18795,0,0,0,0,0,0,2,0
18796,0,0,0,0,0,0,1,0
18797,0,0,0,0,0,0,1,0
18798,2,1,0,0,1,1,0,0
18799,0,0,0,0,0,0,1,0
18800,0,0,0,0,0,0,0,0
18801,0,0,0,0,0,0,0,0
18802,0,0,0,0,0,0,1,0
18803,0,0,0,0,0,0,0,0
18804,0,0,0,0,0,0,0,0
18805,2,2,1,0,1,2,0,0
18806,0,0,0,0,0,0,0,0
18807,0,0,0,0,0,0,0,0
18808,0,0,0,0,0,0,1,0
18809,0,0,0,0,0,0,0,0
18810,0,0,0,0,0,0,0,0
18811,0,0,0,0,0,0,1,0
18812,0,0,0,0,0,0,0,0
18813,1,1,0,0,1,1,0,0
18814,0,0,0,0,0,0,2,0
18815,0,0,0,0,0,0,1,0
18816,0,0,0,0,0,0,2,0
18817,0,0,0,0,0,0,0,0
18818,0,0,0,0,0,0,1,0
18819,1,1,0,0,1,1,0,0
18820,4,4,0,0,4,4,1,0
18821,0,0,0,0,0,0,0,0
18822,0,0,0,0,0,0,0,0
18823,0,0,0,0,0,0,0,0
18824,0,0,0,0,0,0,0,0
18825,0,0,0,0,0,0,0,0
18826,0,0,0,0,0,0,0,0
18827,0,0,0,0,0,0,0,0
18828,1,0,0,0,0,0,0,0
18829,0,0,0,0,0,0,0,0
18830,0,0,0,0,0,0,1,0
18831,0,0,0,0,0,0,0,0
18832,0,0,0,0,0,0,0,0
18833,0,0,0,0,0,0,0,0
18834,0,0,0,0,0,0,0,0
18835,0,0,0,0,0,0,0,0
18836,0,0,0,0,0,0,0,0
18837,0,0,0,0,0,0,0,0
18838,0,0,0,0,0,0,0,0
18839,0,0,0,0,0,0,0,0
18840,1,1,0,0,1,1,2,1
18841,1,1,0,0,1,1,0,1
18842,0,0,0,0,0,0,1,1
18843,0,0,0,0,0,0,0,1
18844,0,0,0,0,0,0,1,1
18845,0,0,0,0,0,0,0,1
18846,0,0,0,0,0,0,1,1
18847,0,0,0,0,0,0,1,1
18848,0,0,0,0,0,0,1,1
18849,1,1,0,0,1,1,0,1
18850,0,0,0,0,0,0,0,1
18851,0,0,0,0,0,0,0,1
18852,0,0,0,0,0,0,1,1
18853,0,0,0,0,0,0,1,1
18854,0,0,0,0,0,0,1,1
18855,1,1,0,0,1,1,0,1
18856,0,0,0,0,0,0,1,1
18857,0,0,0,0,0,0,1,1
18858,1,1,0,0,1,1,0,1
18859,0,0,0,0,0,0,0,1
18860,0,0,0,0,0,0,0,1
18861,1,1,0,1,1,0,1,1
18862,0,0,0,0,0,0,0,1
18863,0,0,0,0,0,0,0,1
18864,0,0,0,0,0,0,2,1
18865,0,0,0,0,0,0,1,1
18866,0,0,0,0,0,0,0,1
18867,0,0,0,0,0,0,0,1
18868,0,0,0,0,0,0,1,1
18869,0,0,0,0,0,0,0,0
18870,0,0,0,0,0,0,0,0
18871,0,0,0,0,0,0,0,0
18872,0,0,0,0,0,0,1,0
18873,0,0,0,0,0,0,0,0
18874,0,0,0,0,0,0,3,0
18875,0,0,0,0,0,0,1,0
18876,0,0,0,0,0,0,0,0
18877,0,0,0,0,0,0,1,0
18878,0,0,0,0,0,0,1,0
18879,0,0,0,0,0,0,1,0
18880,0,0,0,0,0,0,0,0
18881,1,1,0,1,1,0,3,0
18882,0,0,0,0,0,0,1,0
18883,0,0,0,0,0,0,0,0
18884,0,0,0,0,0,0,4,0
18885,0,0,0,0,0,0,1,0
18886,0,0,0,0,0,0,1,0
18887,0,0,0,0,0,0,1,0
18888,0,0,0,0,0,0,3,0
18889,0,0,0,0,0,0,0,0
18890,0,0,0,0,0,0,1,0
18891,0,0,0,0,0,0,0,0
18892,0,0,0,0,0,0,2,0
18893,1,1,0,0,1,1,1,0
18894,0,0,0,0,0,0,3,0
18895,0,0,0,0,0,0,0,0
18896,0,0,0,0,0,0,1,0
18897,1,1,1,0,0,1,1,0
18898,0,0,0,0,0,0,0,0
18899,0,0,0,0,0,0,1,0
18900,1,1,1,0,0,1,0,0
18901,0,0,0,0,0,0,2,0
18902,0,0,0,0,0,0,0,0
18903,0,0,0,0,0,0,2,0
18904,0,0,0,0,0,0,1,0
18905,0,0,0,0,0,0,0,0
18906,0,0,0,0,0,0,1,0
18907,0,0,0,0,0,0,0,0
18908,0,0,0,0,0,0,3,0
18909,0,0,0,0,0,0,0,0
18910,0,0,0,0,0,0,1,0
18911,0,0,0,0,0,0,2,0
18912,0,0,0,0,0,0,3,0
18913,2,2,0,1,2,1,0,0
18914,1,1,0,0,1,1,0,0
18915,1,1,0,0,1,1,0,0
18916,0,0,0,0,0,0,0,0
18917,0,0,0,0,0,0,2,0
18918,0,0,0,0,0,0,0,0
18919,0,0,0,0,0,0,2,0
18920,0,0,0,0,0,0,2,0
18921,0,0,0,0,0,0,0,0
18922,0,0,0,0,0,0,1,0
18923,0,0,0,0,0,0,2,0
18924,0,0,0,0,0,0,4,0
18925,0,0,0,0,0,0,0,0
18926,1,1,0,1,1,0,2,0
18927,2,2,0,1,2,1,1,0
18928,0,0,0,0,0,0,0,0
18929,0,0,0,0,0,0,1,0
18930,1,1,0,0,1,1,0,0
18931,1,1,0,0,1,1,0,0
18932,0,0,0,0,0,0,0,0
18933,0,0,0,0,0,0,0,0
18934,1,1,0,0,1,1,1,0
18935,0,0,0,0,0,0,0,0
18936,0,0,0,0,0,0,1,0
18937,0,0,0,0,0,0,0,0
18938,0,0,0,0,0,0,0,0
18939,0,0,0,0,0,0,0,0
18940,0,0,0,0,0,0,2,0
18941,0,0,0,0,0,0,2,0
18942,0,0,0,0,0,0,0,0
18943,0,0,0,0,0,0,0,0
18944,0,0,0,0,0,0,1,0
18945,0,0,0,0,0,0,2,0
18946,1,1,0,0,1,1,2,0
18947,1,1,0,0,1,1,3,0
18948,1,1,0,0,1,1,2,0
18949,0,0,0,0,0,0,6,0
18950,0,0,0,0,0,0,1,0
18951,0,0,0,0,0,0,1,0
18952,0,0,0,0,0,0,5,0
18953,0,0,0,0,0,0,0,0
18954,0,0,0,0,0,0,3,0
18955,0,0,0,0,0,0,2,0
18956,0,0,0,0,0,0,4,0
18957,0,0,0,0,0,0,2,0
18958,0,0,0,0,0,0,2,0
18959,0,0,0,0,0,0,1,0
18960,0,0,0,0,0,0,2,0
18961,0,0,0,0,0,0,2,0
18962,0,0,0,0,0,0,1,0
18963,0,0,0,0,0,0,1,0
18964,0,0,0,0,0,0,2,0
18965,0,0,0,0,0,0,0,0
18966,0,0,0,0,0,0,0,0
18967,0,0,0,0,0,0,1,0
18968,0,0,0,0,0,0,0,0
18969,0,0,0,0,0,0,0,0
18970,0,0,0,0,0,0,1,0
18971,0,0,0,0,0,0,3,0
18972,0,0,0,0,0,0,0,0
18973,0,0,0,0,0,0,0,0
18974,0,0,0,0,0,0,0,0
18975,0,0,0,0,0,0,0,0
18976,0,0,0,0,0,0,0,0
18977,0,0,0,0,0,0,0,0
18978,0,0,0,0,0,0,0,0
18979,0,0,0,0,0,0,1,0
18980,0,0,0,0,0,0,1,0
18981,0,0,0,0,0,0,0,0
18982,0,0,0,0,0,0,1,0
18983,0,0,0,0,0,0,0,0
18984,0,0,0,0,0,0,1,0
18985,0,0,0,0,0,0,0,0
18986,0,0,0,0,0,0,2,0
18987,0,0,0,0,0,0,3,0
18988,0,0,0,0,0,0,0,0
18989,0,0,0,0,0,0,3,0
18990,0,0,0,0,0,0,0,0
18991,0,0,0,0,0,0,3,0
18992,0,0,0,0,0,0,0,0
18993,0,0,0,0,0,0,2,0
18994,0,0,0,0,0,0,1,0
18995,0,0,0,0,0,0,2,0
18996,0,0,0,0,0,0,2,0
18997,0,0,0,0,0,0,1,0
18998,0,0,0,0,0,0,2,0
18999,0,0,0,0,0,0,0,0
19000,0,0,0,0,0,0,1,0
19001,0,0,0,0,0,0,1,0
19002,1,1,0,1,1,0,1,0
19003,0,0,0,0,0,0,0,0
19004,1,0,0,0,0,0,3,0
19005,0,1,0,0,1,1,1,0
19006,0,0,0,0,0,0,0,0
19007,0,0,0,0,0,0,0,0
19008,0,0,0,0,0,0,0,0
19009,0,0,0,0,0,0,0,0
19010,0,0,0,0,0,0,1,0
19011,0,0,0,0,0,0,0,0
19012,0,0,0,0,0,0,0,0
19013,0,0,0,0,0,0,1,0
19014,0,0,0,0,0,0,1,0
19015,2,1,0,0,1,1,1,0
19016,0,0,0,0,0,0,0,0
19017,0,0,0,0,0,0,0,0
19018,0,0,0,0,0,0,2,0
19019,0,0,0,0,0,0,1,0
19020,0,0,0,0,0,0,0,0
19021,0,0,0,0,0,0,3,0
19022,0,0,0,0,0,0,3,0
19023,0,0,0,0,0,0,1,0
19024,0,0,0,0,0,0,3,0
19025,0,0,0,0,0,0,3,0
19026,0,0,0,0,0,0,1,0
19027,0,0,0,0,0,0,1,0
19028,0,0,0,0,0,0,0,0
19029,0,0,0,0,0,0,0,0
19030,0,0,0,0,0,0,2,0
19031,1,1,0,0,1,1,0,0
19032,1,1,0,1,1,0,1,0
19033,0,0,0,0,0,0,1,0
19034,0,0,0,0,0,0,0,0
19035,0,0,0,0,0,0,0,0
19036,0,0,0,0,0,0,0,0
19037,0,0,0,0,0,0,0,0
19038,0,0,0,0,0,0,1,0
19039,2,2,0,0,2,2,2,0
19040,0,0,0,0,0,0,5,0
19041,0,0,0,0,0,0,3,0
19042,0,0,0,0,0,0,0,0
19043,0,0,0,0,0,0,2,0
19044,0,0,0,0,0,0,1,0
19045,0,0,0,0,0,0,3,0
19046,0,0,0,0,0,0,1,0
19047,0,0,0,0,0,0,1,0
19048,0,0,0,0,0,0,0,0
19049,0,0,0,0,0,0,2,0
19050,0,0,0,0,0,0,0,0
19051,0,0,0,0,0,0,3,0
19052,0,0,0,0,0,0,0,0
19053,0,0,0,0,0,0,1,0
19054,0,0,0,0,0,0,0,0
19055,0,0,0,0,0,0,0,0
19056,0,0,0,0,0,0,0,0
19057,0,0,0,0,0,0,0,0
19058,0,0,0,0,0,0,2,0
19059,0,0,0,0,0,0,0,0
19060,0,0,0,0,0,0,1,0
19061,2,2,0,0,2,2,0,0
19062,0,0,0,0,0,0,0,0
19063,0,0,0,0,0,0,0,0
19064,0,0,0,0,0,0,0,0
19065,2,2,0,1,2,1,0,0
19066,0,0,0,0,0,0,0,0
19067,0,0,0,0,0,0,0,0
19068,0,0,0,0,0,0,0,0
19069,0,0,0,0,0,0,0,0
19070,0,0,0,0,0,0,0,0
19071,0,0,0,0,0,0,0,0
19072,0,0,0,0,0,0,0,0
19073,0,0,0,0,0,0,0,0
19074,0,0,0,0,0,0,0,0
19075,0,0,0,0,0,0,0,0
19076,0,0,0,0,0,0,0,0
19077,0,0,0,0,0,0,0,0
19078,0,0,0,0,0,0,0,0
19079,0,0,0,0,0,0,0,0
19080,0,0,0,0,0,0,0,0
19081,0,0,0,0,0,0,0,0
19082,1,1,0,0,1,1,0,0
19083,0,0,0,0,0,0,0,0
19084,0,0,0,0,0,0,0,0
19085,0,0,0,0,0,0,0,0
19086,0,0,0,0,0,0,1,0
19087,0,0,0,0,0,0,2,0
19088,0,0,0,0,0,0,3,0
19089,0,0,0,0,0,0,1,0
19090,0,0,0,0,0,0,1,0
19091,0,0,0,0,0,0,1,0
19092,0,0,0,0,0,0,1,0
19093,0,0,0,0,0,0,0,0
19094,0,0,0,0,0,0,0,0
19095,0,0,0,0,0,0,1,0
19096,0,0,0,0,0,0,0,0
19097,0,0,0,0,0,0,0,0
19098,0,0,0,0,0,0,0,0
19099,0,0,0,0,0,0,1,0
19100,0,0,0,0,0,0,2,0
19101,0,0,0,0,0,0,1,0
19102,0,0,0,0,0,0,1,0
19103,0,0,0,0,0,0,0,0
19104,0,0,0,0,0,0,0,0
19105,0,0,0,0,0,0,2,0
19106,0,0,0,0,0,0,1,0
19107,0,0,0,0,0,0,0,0
19108,0,0,0,0,0,0,0,0
19109,0,0,0,0,0,0,2,0
19110,0,0,0,0,0,0,0,0
19111,0,0,0,0,0,0,0,0
19112,1,1,0,0,1,1,1,0
19113,0,0,0,0,0,0,1,0
19114,0,0,0,0,0,0,2,0
19115,0,0,0,0,0,0,0,0
19116,0,0,0,0,0,0,2,0
19117,0,0,0,0,0,0,1,0
19118,1,1,0,0,1,1,2,0
19119,0,0,0,0,0,0,6,0
19120,0,0,0,0,0,0,3,0
19121,0,0,0,0,0,0,2,0
19122,0,0,0,0,0,0,3,0
19123,0,0,0,0,0,0,0,0
19124,0,0,0,0,0,0,0,0
19125,0,0,0,0,0,0,0,0
19126,0,0,0,0,0,0,2,0
19127,0,0,0,0,0,0,3,0
19128,0,0,0,0,0,0,0,0
19129,0,0,0,0,0,0,1,0
19130,0,0,0,0,0,0,0,0
19131,0,0,0,0,0,0,3,0
19132,0,0,0,0,0,0,1,0
19133,0,0,0,0,0,0,1,0
19134,0,0,0,0,0,0,0,0
19135,0,0,0,0,0,0,0,0
19136,1,1,0,0,1,1,1,0
19137,1,1,0,0,1,1,0,0
19138,0,0,0,0,0,0,1,0
19139,1,1,0,0,1,1,0,0
19140,0,0,0,0,0,0,1,0
19141,2,2,0,0,2,2,1,0
19142,0,0,0,0,0,0,4,0
19143,0,0,0,0,0,0,0,0
19144,0,0,0,0,0,0,0,0
19145,0,0,0,0,0,0,0,0
19146,1,1,0,0,1,1,5,0
19147,1,1,0,0,1,1,5,0
19148,1,1,0,1,1,0,3,0
19149,0,0,0,0,0,0,1,0
19150,0,0,0,0,0,0,0,0
19151,0,0,0,0,0,0,1,0
19152,0,0,0,0,0,0,0,0
19153,0,0,0,0,0,0,0,0
19154,0,0,0,0,0,0,0,0
19155,0,0,0,0,0,0,0,0
19156,0,1,0,0,1,1,0,0
19157,1,0,0,0,0,0,0,0
19158,1,1,0,0,1,1,1,0
19159,0,0,0,0,0,0,0,0
19160,0,0,0,0,0,0,2,0
19161,0,0,0,0,0,0,0,0
19162,0,0,0,0,0,0,0,0
19163,0,0,0,0,0,0,1,0
19164,0,0,0,0,0,0,0,0
19165,0,0,0,0,0,0,0,0
19166,0,0,0,0,0,0,0,0
19167,0,0,0,0,0,0,4,0
19168,0,0,0,0,0,0,1,0
19169,0,0,0,0,0,0,1,0
19170,1,1,0,0,1,1,0,0
19171,0,0,0,0,0,0,2,0
19172,0,0,0,0,0,0,0,0
19173,0,0,0,0,0,0,1,0
19174,0,0,0,0,0,0,0,0
19175,1,1,1,0,0,1,0,0
19176,0,0,0,0,0,0,0,0
19177,0,0,0,0,0,0,0,0
19178,0,0,0,0,0,0,1,0
19179,0,0,0,0,0,0,0,0
19180,1,1,0,0,1,1,1,0
19181,0,0,0,0,0,0,0,0
19182,0,0,0,0,0,0,0,0
19183,0,0,0,0,0,0,2,0
19184,0,0,0,0,0,0,1,0
19185,0,0,0,0,0,0,0,0
19186,0,0,0,0,0,0,1,0
19187,0,0,0,0,0,0,0,0
19188,0,0,0,0,0,0,0,0
19189,0,0,0,0,0,0,0,0
19190,0,0,0,0,0,0,3,0
19191,0,0,0,0,0,0,0,0
19192,0,0,0,0,0,0,2,0
19193,0,0,0,0,0,0,1,0
19194,0,0,0,0,0,0,2,1
19195,0,0,0,0,0,0,0,1
19196,0,0,0,0,0,0,0,1
19197,1,1,0,0,1,1,2,1
19198,0,0,0,0,0,0,4,1
19199,0,0,0,0,0,0,4,1
19200,0,0,0,0,0,0,0,1
19201,0,0,0,0,0,0,0,1
19202,0,0,0,0,0,0,3,1
19203,1,1,0,0,1,1,1,1
19204,0,0,0,0,0,0,0,1
19205,0,0,0,0,0,0,1,1
19206,0,0,0,0,0,0,1,1
19207,0,0,0,0,0,0,2,1
19208,0,0,0,0,0,0,1,1
19209,0,0,0,0,0,0,1,1
19210,0,0,0,0,0,0,0,1
19211,0,0,0,0,0,0,0,1
19212,0,0,0,0,0,0,0,1
19213,0,0,0,0,0,0,2,1
19214,0,0,0,0,0,0,4,1
19215,0,0,0,0,0,0,0,1
19216,0,0,0,0,0,0,1,1
19217,0,0,0,0,0,0,1,1
19218,0,0,0,0,0,0,0,1
19219,0,0,0,0,0,0,2,1
19220,0,0,0,0,0,0,1,1
19221,0,0,0,0,0,0,1,1
19222,0,0,0,0,0,0,0,1
19223,1,1,0,0,1,1,0,1
19224,2,2,0,0,2,2,0,0
19225,0,0,0,0,0,0,1,0
19226,1,1,0,0,1,1,0,0
19227,0,0,0,0,0,0,0,0
19228,0,0,0,0,0,0,0,0
19229,3,3,0,0,3,3,0,0
19230,0,0,0,0,0,0,1,0
19231,0,0,0,0,0,0,0,0
19232,0,0,0,0,0,0,0,0
19233,0,0,0,0,0,0,0,0
19234,0,0,0,0,0,0,0,0
19235,0,0,0,0,0,0,0,0
19236,0,0,0,0,0,0,0,0
19237,1,1,0,0,1,1,1,0
19238,0,0,0,0,0,0,3,0
19239,0,0,0,0,0,0,2,0
19240,0,0,0,0,0,0,0,0
19241,0,0,0,0,0,0,0,0
19242,0,0,0,0,0,0,1,0
19243,0,0,0,0,0,0,0,0
19244,0,0,0,0,0,0,0,0
19245,0,0,0,0,0,0,1,0
19246,0,0,0,0,0,0,0,0
19247,0,0,0,0,0,0,0,0
19248,0,0,0,0,0,0,1,0
19249,0,0,0,0,0,0,2,0
19250,0,0,0,0,0,0,0,0
19251,0,0,0,0,0,0,1,0
19252,0,0,0,0,0,0,0,0
19253,0,0,0,0,0,0,1,0
19254,0,0,0,0,0,0,1,0
19255,0,0,0,0,0,0,0,0
19256,0,0,0,0,0,0,0,0
19257,1,0,0,0,0,0,0,0
19258,0,1,0,0,1,1,0,0
19259,0,0,0,0,0,0,1,0
19260,1,1,0,1,1,0,0,0
19261,0,0,0,0,0,0,0,0
19262,0,0,0,0,0,0,2,0
19263,0,0,0,0,0,0,1,0
19264,0,0,0,0,0,0,0,0
19265,0,0,0,0,0,0,0,0
19266,0,0,0,0,0,0,2,0
19267,1,1,0,0,1,1,0,0
19268,0,0,0,0,0,0,0,0
19269,0,0,0,0,0,0,2,0
19270,0,0,0,0,0,0,0,0
19271,0,0,0,0,0,0,0,0
19272,0,0,0,0,0,0,1,0
19273,0,0,0,0,0,0,1,0
19274,0,0,0,0,0,0,1,0
19275,0,0,0,0,0,0,0,0
19276,1,1,0,0,1,1,0,0
19277,1,1,0,0,1,1,1,0
19278,0,0,0,0,0,0,3,0
19279,0,0,0,0,0,0,1,0
19280,0,0,0,0,0,0,0,0
19281,0,0,0,0,0,0,1,0
19282,0,0,0,0,0,0,1,0
19283,0,0,0,0,0,0,0,0
19284,0,0,0,0,0,0,1,0
19285,0,0,0,0,0,0,2,0
19286,0,0,0,0,0,0,2,0
19287,0,0,0,0,0,0,2,0
19288,0,0,0,0,0,0,4,0
19289,0,0,0,0,0,0,0,0
19290,1,1,0,0,1,1,2,0
19291,0,0,0,0,0,0,1,0
19292,0,0,0,0,0,0,0,0
19293,0,0,0,0,0,0,0,0
19294,0,0,0,0,0,0,0,0
19295,0,0,0,0,0,0,2,0
19296,0,0,0,0,0,0,0,0
19297,0,0,0,0,0,0,1,0
19298,0,0,0,0,0,0,1,0
19299,0,0,0,0,0,0,2,0
19300,0,0,0,0,0,0,3,0
19301,0,0,0,0,0,0,1,0
19302,0,0,0,0,0,0,5,0
19303,0,0,0,0,0,0,2,0
19304,0,0,0,0,0,0,2,0
19305,0,0,0,0,0,0,0,0
19306,0,0,0,0,0,0,0,0
19307,0,0,0,0,0,0,2,0
19308,0,0,0,0,0,0,5,0
19309,0,0,0,0,0,0,1,0
19310,0,0,0,0,0,0,2,0
19311,0,0,0,0,0,0,1,0
19312,0,0,0,0,0,0,0,0
19313,0,0,0,0,0,0,2,0
19314,0,0,0,0,0,0,2,0
19315,0,0,0,0,0,0,0,0
19316,0,0,0,0,0,0,1,0
19317,0,0,0,0,0,0,3,0
19318,0,0,0,0,0,0,2,0
19319,0,0,0,0,0,0,1,0
19320,0,0,0,0,0,0,0,0
19321,0,0,0,0,0,0,0,0
19322,0,0,0,0,0,0,0,0
19323,0,0,0,0,0,0,1,0
19324,0,0,0,0,0,0,2,0
19325,0,0,0,0,0,0,2,0
19326,1,1,1,0,0,1,3,0
19327,0,0,0,0,0,0,1,0
19328,1,1,0,1,1,0,4,0
19329,0,0,0,0,0,0,3,0
19330,0,0,0,0,0,0,0,0
19331,0,0,0,0,0,0,1,0
19332,0,0,0,0,0,0,2,0
19333,1,1,0,0,1,1,3,0
19334,0,0,0,0,0,0,8,0
19335,0,0,0,0,0,0,1,0
19336,1,0,0,0,0,0,2,0
19337,0,0,0,0,0,0,0,0
19338,0,0,0,0,0,0,1,0
19339,0,0,0,0,0,0,0,0
19340,0,0,0,0,0,0,0,0
19341,0,0,0,0,0,0,0,0
19342,0,0,0,0,0,0,1,0
19343,0,0,0,0,0,0,4,0
19344,0,0,0,0,0,0,2,0
19345,0,0,0,0,0,0,0,0
19346,0,0,0,0,0,0,0,0
19347,0,0,0,0,0,0,0,0
19348,1,1,0,0,1,1,0,0
19349,0,0,0,0,0,0,2,0
19350,0,0,0,0,0,0,2,0
19351,0,0,0,0,0,0,0,0
19352,0,0,0,0,0,0,2,0
19353,0,0,0,0,0,0,0,0
19354,0,0,0,0,0,0,0,0
19355,0,1,0,0,1,1,0,0
19356,1,0,0,0,0,0,0,0
19357,0,0,0,0,0,0,0,0
19358,0,0,0,0,0,0,0,0
19359,0,0,0,0,0,0,2,0
19360,1,1,0,1,1,0,0,0
19361,1,1,0,1,1,0,0,0
19362,0,0,0,0,0,0,3,0
19363,0,0,0,0,0,0,2,0
19364,1,1,0,1,1,0,1,0
19365,0,0,0,0,0,0,3,0
19366,2,2,0,0,2,2,0,0
19367,0,0,0,0,0,0,0,0
19368,1,1,0,0,1,1,0,0
19369,0,0,0,0,0,0,0,0
19370,0,0,0,0,0,0,0,0
19371,0,0,0,0,0,0,0,0
19372,0,0,0,0,0,0,2,0
19373,0,0,0,0,0,0,2,0
19374,0,0,0,0,0,0,0,0
19375,0,0,0,0,0,0,1,0
19376,0,0,0,0,0,0,0,0
19377,0,0,0,0,0,0,2,0
19378,0,0,0,0,0,0,0,0
19379,0,0,0,0,0,0,0,0
19380,0,0,0,0,0,0,0,0
19381,0,0,0,0,0,0,0,0
19382,0,0,0,0,0,0,1,0
19383,0,0,0,0,0,0,0,0
19384,0,0,0,0,0,0,1,0
19385,0,0,0,0,0,0,2,0
19386,0,0,0,0,0,0,2,0
19387,0,0,0,0,0,0,3,0
19388,0,0,0,0,0,0,2,0
19389,0,0,0,0,0,0,2,0
19390,0,0,0,0,0,0,2,0
19391,0,0,0,0,0,0,1,0
19392,0,0,0,0,0,0,0,0
19393,0,0,0,0,0,0,1,0
19394,0,0,0,0,0,0,2,0
19395,1,1,0,0,1,1,3,0
19396,0,0,0,0,0,0,2,0
19397,1,1,0,0,1,1,1,0
19398,0,0,0,0,0,0,1,0
19399,0,0,0,0,0,0,2,0
19400,0,0,0,0,0,0,0,0
19401,0,0,0,0,0,0,1,0
19402,0,0,0,0,0,0,0,0
19403,0,0,0,0,0,0,3,0
19404,0,0,0,0,0,0,1,0
19405,0,0,0,0,0,0,3,0
19406,0,0,0,0,0,0,1,0
19407,0,0,0,0,0,0,2,0
19408,0,0,0,0,0,0,0,0
19409,0,0,0,0,0,0,5,0
19410,0,0,0,0,0,0,2,0
19411,0,0,0,0,0,0,0,0
19412,0,0,0,0,0,0,0,0
19413,0,0,0,0,0,0,3,0
19414,0,0,0,0,0,0,1,0
19415,0,0,0,0,0,0,0,0
19416,0,0,0,0,0,0,0,0
19417,0,0,0,0,0,0,0,0
19418,0,0,0,0,0,0,1,0
19419,0,0,0,0,0,0,1,0
19420,0,0,0,0,0,0,5,0
19421,0,0,0,0,0,0,2,0
19422,0,0,0,0,0,0,2,0
19423,0,0,0,0,0,0,3,0
19424,0,0,0,0,0,0,2,0
19425,0,0,0,0,0,0,3,0
19426,0,0,0,0,0,0,1,0
19427,1,1,0,0,1,1,2,0
19428,0,0,0,0,0,0,0,0
19429,0,0,0,0,0,0,0,0
19430,0,0,0,0,0,0,0,0
19431,0,0,0,0,0,0,0,0
19432,0,0,0,0,0,0,1,0
19433,0,0,0,0,0,0,2,0
19434,0,0,0,0,0,0,1,0
19435,0,0,0,0,0,0,2,0
19436,0,0,0,0,0,0,0,0
19437,0,0,0,0,0,0,2,0
19438,0,0,0,0,0,0,0,0
19439,1,1,0,0,1,1,0,0
19440,0,0,0,0,0,0,0,0
19441,0,0,0,0,0,0,1,0
19442,0,0,0,0,0,0,0,0
19443,0,0,0,0,0,0,2,0
19444,0,0,0,0,0,0,0,0
19445,0,0,0,0,0,0,2,0
19446,0,0,0,0,0,0,2,0
19447,0,0,0,0,0,0,1,0
19448,0,0,0,0,0,0,2,0
19449,0,0,0,0,0,0,0,0
19450,0,0,0,0,0,0,3,0
19451,0,0,0,0,0,0,0,0
19452,0,0,0,0,0,0,2,0
19453,0,0,0,0,0,0,4,0
19454,0,0,0,0,0,0,1,0
19455,0,0,0,0,0,0,3,0
19456,0,0,0,0,0,0,2,0
19457,0,0,0,0,0,0,0,0
19458,0,0,0,0,0,0,0,0
19459,0,0,0,0,0,0,0,0
19460,0,0,0,0,0,0,1,0
19461,0,0,0,0,0,0,0,0
19462,1,1,0,0,1,1,1,0
19463,0,0,0,0,0,0,0,0
19464,0,0,0,0,0,0,0,0
19465,1,1,0,0,1,1,0,0
19466,0,0,0,0,0,0,1,0
19467,0,0,0,0,0,0,3,0
19468,0,0,0,0,0,0,2,0
19469,0,0,0,0,0,0,2,0
19470,0,0,0,0,0,0,0,0
19471,0,0,0,0,0,0,0,0
19472,0,0,0,0,0,0,1,0
19473,0,0,0,0,0,0,1,0
19474,0,0,0,0,0,0,0,0
19475,0,0,0,0,0,0,0,0
19476,0,0,0,0,0,0,0,0
19477,0,0,0,0,0,0,0,0
19478,0,0,0,0,0,0,0,0
19479,0,0,0,0,0,0,1,0
19480,0,0,0,0,0,0,1,0
19481,0,0,0,0,0,0,1,0
19482,0,0,0,0,0,0,0,0
19483,0,0,0,0,0,0,1,0
19484,0,0,0,0,0,0,0,0
19485,0,0,0,0,0,0,0,0
19486,0,0,0,0,0,0,2,0
19487,0,0,0,0,0,0,1,0
19488,0,0,0,0,0,0,0,0
19489,0,0,0,0,0,0,0,0
19490,0,0,0,0,0,0,1,0
19491,0,0,0,0,0,0,0,0
19492,0,0,0,0,0,0,1,0
19493,0,0,0,0,0,0,0,0
19494,0,0,0,0,0,0,1,0
19495,0,0,0,0,0,0,0,0
19496,0,0,0,0,0,0,0,0
19497,0,0,0,0,0,0,0,0
19498,0,0,0,0,0,0,1,0
19499,0,0,0,0,0,0,1,0
19500,0,0,0,0,0,0,1,0
19501,0,0,0,0,0,0,1,0
19502,0,0,0,0,0,0,2,0
19503,0,0,0,0,0,0,2,0
19504,0,0,0,0,0,0,3,0
19505,0,0,0,0,0,0,0,0
19506,0,0,0,0,0,0,3,0
19507,1,1,0,1,1,0,3,0
19508,0,0,0,0,0,0,3,0
19509,0,0,0,0,0,0,0,0
19510,0,0,0,0,0,0,0,0
19511,0,0,0,0,0,0,0,0
19512,0,0,0,0,0,0,0,0
19513,0,0,0,0,0,0,0,0
19514,0,0,0,0,0,0,0,0
19515,0,0,0,0,0,0,1,0
19516,1,1,0,0,1,1,2,0
19517,0,0,0,0,0,0,0,0
19518,0,0,0,0,0,0,5,0
19519,0,0,0,0,0,0,0,0
19520,0,0,0,0,0,0,0,0
19521,0,0,0,0,0,0,1,0
19522,0,0,0,0,0,0,1,0
19523,0,0,0,0,0,0,1,0
19524,0,0,0,0,0,0,0,0
19525,0,0,0,0,0,0,0,0
19526,0,0,0,0,0,0,0,0
19527,0,0,0,0,0,0,0,0
19528,0,0,0,0,0,0,0,0
19529,0,0,0,0,0,0,1,0
19530,0,0,0,0,0,0,0,0
19531,0,0,0,0,0,0,1,0
19532,0,0,0,0,0,0,1,0
19533,0,0,0,0,0,0,2,0
19534,0,0,0,0,0,0,1,0
19535,0,0,0,0,0,0,0,0
19536,0,0,0,0,0,0,1,0
19537,0,0,0,0,0,0,0,0
19538,0,0,0,0,0,0,2,0
19539,0,0,0,0,0,0,1,0
19540,0,0,0,0,0,0,0,0
19541,0,1,1,0,0,1,0,0
19542,1,0,0,0,0,0,0,0
19543,0,0,0,0,0,0,2,0
19544,0,0,0,0,0,0,2,0
19545,0,0,0,0,0,0,1,0
19546,0,0,0,0,0,0,2,0
19547,0,0,0,0,0,0,2,0
19548,0,0,0,0,0,0,1,0
19549,0,0,0,0,0,0,0,1
19550,0,0,0,0,0,0,0,1
19551,0,0,0,0,0,0,0,1
19552,1,1,0,0,1,1,0,1
19553,0,0,0,0,0,0,2,1
19554,0,0,0,0,0,0,0,1
19555,0,0,0,0,0,0,0,1
19556,0,0,0,0,0,0,1,1
19557,0,0,0,0,0,0,1,1
19558,0,0,0,0,0,0,1,1
19559,0,0,0,0,0,0,1,1
19560,0,0,0,0,0,0,1,1
19561,0,0,0,0,0,0,0,1
19562,0,0,0,0,0,0,0,1
19563,0,0,0,0,0,0,3,1
19564,0,0,0,0,0,0,2,1
19565,0,0,0,0,0,0,1,1
19566,0,0,0,0,0,0,0,1
19567,1,1,1,0,0,1,1,1
19568,0,0,0,0,0,0,0,1
19569,0,0,0,0,0,0,1,1
19570,0,0,0,0,0,0,2,1
19571,0,0,0,0,0,0,2,1
19572,0,0,0,0,0,0,1,1
19573,0,0,0,0,0,0,2,1
19574,0,0,0,0,0,0,0,1
19575,0,0,0,0,0,0,1,1
19576,0,0,0,0,0,0,0,1
19577,0,0,0,0,0,0,4,1
19578,0,0,0,0,0,0,0,1
19579,0,0,0,0,0,0,0,0
19580,0,0,0,0,0,0,0,0
19581,0,0,0,0,0,0,1,0
19582,0,0,0,0,0,0,2,0
19583,0,0,0,0,0,0,1,0
19584,0,0,0,0,0,0,1,0
19585,0,0,0,0,0,0,0,0
19586,0,0,0,0,0,0,0,0
19587,0,0,0,0,0,0,2,0
19588,0,0,0,0,0,0,1,0
19589,0,0,0,0,0,0,2,0
19590,0,0,0,0,0,0,0,0
19591,0,0,0,0,0,0,0,0
19592,0,0,0,0,0,0,2,0
19593,0,0,0,0,0,0,1,0
19594,0,0,0,0,0,0,2,0
19595,0,0,0,0,0,0,3,0
19596,0,0,0,0,0,0,0,0
19597,0,0,0,0,0,0,0,0
19598,0,0,0,0,0,0,1,0
19599,0,0,0,0,0,0,2,0
19600,0,0,0,0,0,0,0,0
19601,1,1,1,0,0,1,0,0
19602,0,0,0,0,0,0,1,0
19603,0,0,0,0,0,0,0,0
19604,0,0,0,0,0,0,2,0
19605,0,0,0,0,0,0,0,0
19606,0,0,0,0,0,0,2,0
19607,1,1,0,1,1,0,2,0
19608,0,0,0,0,0,0,0,0
19609,0,0,0,0,0,0,1,0
19610,0,0,0,0,0,0,1,0
19611,0,0,0,0,0,0,4,0
19612,0,0,0,0,0,0,4,0
19613,0,0,0,0,0,0,6,0
19614,0,0,0,0,0,0,1,0
19615,0,0,0,0,0,0,0,0
19616,0,0,0,0,0,0,0,0
19617,0,0,0,0,0,0,0,0
19618,0,0,0,0,0,0,0,0
19619,0,0,0,0,0,0,2,0
19620,0,0,0,0,0,0,2,0
19621,0,0,0,0,0,0,0,0
19622,0,0,0,0,0,0,0,0
19623,1,1,1,0,0,1,1,0
19624,0,0,0,0,0,0,0,0
19625,0,0,0,0,0,0,1,0
19626,0,0,0,0,0,0,2,0
19627,0,0,0,0,0,0,1,0
19628,0,0,0,0,0,0,0,0
19629,0,0,0,0,0,0,1,0
19630,1,1,1,0,0,1,0,0
19631,1,1,1,0,0,1,1,0
19632,0,0,0,0,0,0,1,0
19633,0,0,0,0,0,0,1,0
19634,0,0,0,0,0,0,1,0
19635,0,0,0,0,0,0,2,0
19636,0,0,0,0,0,0,1,0
19637,0,0,0,0,0,0,0,0
19638,0,0,0,0,0,0,0,0
19639,0,0,0,0,0,0,2,0
19640,0,0,0,0,0,0,0,0
19641,0,0,0,0,0,0,0,0
19642,0,0,0,0,0,0,0,0
19643,0,0,0,0,0,0,1,0
19644,0,0,0,0,0,0,0,0
19645,0,0,0,0,0,0,1,0
19646,0,0,0,0,0,0,1,0
19647,0,0,0,0,0,0,1,0
19648,0,0,0,0,0,0,0,0
19649,0,0,0,0,0,0,1,0
19650,0,0,0,0,0,0,1,0
19651,0,0,0,0,0,0,0,0
19652,0,0,0,0,0,0,2,0
19653,0,0,0,0,0,0,2,0
19654,0,0,0,0,0,0,1,0
19655,0,0,0,0,0,0,1,0
19656,0,0,0,0,0,0,2,0
19657,0,0,0,0,0,0,2,0
19658,0,0,0,0,0,0,4,0
19659,0,0,0,0,0,0,2,0
19660,0,0,0,0,0,0,1,0
19661,0,0,0,0,0,0,0,0
19662,1,1,1,0,0,1,0,0
19663,1,1,1,1,0,0,0,0
19664,0,0,0,0,0,0,0,0
19665,0,0,0,0,0,0,0,0
19666,0,0,0,0,0,0,0,0
19667,0,0,0,0,0,0,0,0
19668,0,0,0,0,0,0,0,0
19669,0,0,0,0,0,0,2,0
19670,0,0,0,0,0,0,1,0
19671,0,0,0,0,0,0,0,0
19672,0,0,0,0,0,0,0,0
19673,0,0,0,0,0,0,4,0
19674,0,0,0,0,0,0,0,0
19675,0,0,0,0,0,0,1,0
19676,0,0,0,0,0,0,1,0
19677,0,0,0,0,0,0,0,0
19678,0,0,0,0,0,0,0,0
19679,0,0,0,0,0,0,0,0
19680,0,0,0,0,0,0,2,0
19681,0,0,0,0,0,0,0,0
19682,0,0,0,0,0,0,1,0
19683,1,0,0,0,0,0,1,0
19684,0,0,0,0,0,0,1,0
19685,0,0,0,0,0,0,0,0
19686,0,0,0,0,0,0,2,0
19687,0,0,0,0,0,0,1,0
19688,0,0,0,0,0,0,2,0
19689,0,0,0,0,0,0,2,0
19690,0,0,0,0,0,0,1,0
19691,1,1,1,0,0,1,1,0
19692,0,0,0,0,0,0,0,0
19693,0,0,0,0,0,0,0,0
19694,0,0,0,0,0,0,3,0
19695,0,0,0,0,0,0,0,0
19696,0,0,0,0,0,0,2,0
19697,0,0,0,0,0,0,1,0
19698,0,0,0,0,0,0,1,0
19699,0,0,0,0,0,0,1,0
19700,0,0,0,0,0,0,0,0
19701,0,0,0,0,0,0,0,0
19702,0,0,0,0,0,0,1,0
19703,0,0,0,0,0,0,3,0
19704,0,0,0,0,0,0,0,0
19705,0,0,0,0,0,0,0,0
19706,0,0,0,0,0,0,0,0
19707,0,0,0,0,0,0,1,0
19708,0,0,0,0,0,0,2,0
19709,0,0,0,0,0,0,3,0
19710,0,0,0,0,0,0,1,0
19711,0,0,0,0,0,0,1,0
19712,0,0,0,0,0,0,1,0
19713,0,0,0,0,0,0,5,0
19714,0,0,0,0,0,0,0,0
19715,0,0,0,0,0,0,1,0
19716,0,0,0,0,0,0,0,0
19717,1,1,0,0,1,1,0,0
19718,0,0,0,0,0,0,1,0
19719,0,0,0,0,0,0,1,0
19720,0,0,0,0,0,0,1,0
19721,0,0,0,0,0,0,0,0
19722,0,0,0,0,0,0,0,0
19723,0,0,0,0,0,0,0,0
19724,0,0,0,0,0,0,2,0
19725,0,0,0,0,0,0,1,0
19726,0,0,0,0,0,0,3,0
19727,0,0,0,0,0,0,0,0
19728,0,0,0,0,0,0,1,0
19729,0,0,0,0,0,0,2,0
19730,0,0,0,0,0,0,2,0
19731,0,0,0,0,0,0,2,0
19732,0,0,0,0,0,0,1,0
19733,0,0,0,0,0,0,1,0
19734,0,0,0,0,0,0,2,0
19735,0,0,0,0,0,0,3,0
19736,0,0,0,0,0,0,2,0
19737,0,0,0,0,0,0,0,0
19738,0,0,0,0,0,0,0,0
19739,0,0,0,0,0,0,4,0
19740,0,0,0,0,0,0,1,0
19741,0,0,0,0,0,0,0,0
19742,0,0,0,0,0,0,2,0
19743,0,0,0,0,0,0,2,0
19744,0,0,0,0,0,0,2,0
19745,0,0,0,0,0,0,0,0
19746,0,0,0,0,0,0,2,0
19747,0,0,0,0,0,0,0,0
19748,0,0,0,0,0,0,0,0
19749,0,0,0,0,0,0,0,0
19750,0,0,0,0,0,0,2,0
19751,0,0,0,0,0,0,1,0
19752,0,0,0,0,0,0,0,0
19753,0,0,0,0,0,0,0,0
19754,0,0,0,0,0,0,1,0
19755,0,0,0,0,0,0,3,0
19756,0,0,0,0,0,0,3,0
19757,0,0,0,0,0,0,2,0
19758,0,0,0,0,0,0,2,0
19759,0,0,0,0,0,0,3,0
19760,0,0,0,0,0,0,2,0
19761,0,0,0,0,0,0,2,0
19762,0,0,0,0,0,0,1,0
19763,0,0,0,0,0,0,1,0
19764,0,0,0,0,0,0,4,0
19765,0,0,0,0,0,0,4,0
19766,0,0,0,0,0,0,0,0
19767,0,0,0,0,0,0,1,0
19768,0,0,0,0,0,0,0,0
19769,0,0,0,0,0,0,2,0
19770,0,0,0,0,0,0,3,0
19771,0,0,0,0,0,0,0,0
19772,0,0,0,0,0,0,3,0
19773,0,0,0,0,0,0,0,0
19774,0,0,0,0,0,0,3,0
19775,0,0,0,0,0,0,1,0
19776,0,0,0,0,0,0,3,0
19777,0,0,0,0,0,0,4,0
19778,0,0,0,0,0,0,1,0
19779,0,0,0,0,0,0,4,0
19780,0,0,0,0,0,0,4,0
19781,0,0,0,0,0,0,2,0
19782,0,0,0,0,0,0,1,0
19783,0,0,0,0,0,0,3,0
19784,0,0,0,0,0,0,2,0
19785,0,0,0,0,0,0,0,0
19786,0,0,0,0,0,0,1,0
19787,0,0,0,0,0,0,0,0
19788,0,0,0,0,0,0,1,0
19789,0,0,0,0,0,0,2,0
19790,0,0,0,0,0,0,4,0
19791,0,0,0,0,0,0,4,0
19792,0,0,0,0,0,0,2,0
19793,0,0,0,0,0,0,1,0
19794,0,0,0,0,0,0,0,0
19795,0,0,0,0,0,0,0,0
19796,0,0,0,0,0,0,0,0
19797,0,0,0,0,0,0,1,0
19798,0,0,0,0,0,0,0,0
19799,0,0,0,0,0,0,0,0
19800,0,0,0,0,0,0,0,0
19801,0,0,0,0,0,0,2,0
19802,0,0,0,0,0,0,0,0
19803,0,0,0,0,0,0,1,0
19804,0,0,0,0,0,0,0,0
19805,0,0,0,0,0,0,0,0
19806,0,0,0,0,0,0,0,0
19807,0,0,0,0,0,0,1,0
19808,0,0,0,0,0,0,1,0
19809,0,0,0,0,0,0,0,0
19810,0,0,0,0,0,0,1,0
19811,0,0,0,0,0,0,0,0
19812,0,0,0,0,0,0,2,0
19813,0,0,0,0,0,0,0,0
19814,0,0,0,0,0,0,2,0
19815,0,0,0,0,0,0,0,0
19816,0,0,0,0,0,0,0,0
19817,0,0,0,0,0,0,1,0
19818,0,0,0,0,0,0,1,0
19819,0,0,0,0,0,0,0,0
19820,0,0,0,0,0,0,1,0
19821,0,0,0,0,0,0,0,0
19822,0,0,0,0,0,0,0,0
19823,0,0,0,0,0,0,0,0
19824,0,0,0,0,0,0,2,0
19825,0,0,0,0,0,0,0,0
19826,0,0,0,0,0,0,4,0
19827,0,0,0,0,0,0,2,0
19828,0,0,0,0,0,0,3,0
19829,0,0,0,0,0,0,2,0
19830,0,0,0,0,0,0,1,0
19831,0,0,0,0,0,0,0,0
19832,0,0,0,0,0,0,0,0
19833,0,0,0,0,0,0,1,0
19834,0,0,0,0,0,0,0,0
19835,0,0,0,0,0,0,1,0
19836,0,0,0,0,0,0,0,0
19837,0,0,0,0,0,0,2,0
19838,0,0,0,0,0,0,0,0
19839,0,0,0,0,0,0,2,0
19840,0,0,0,0,0,0,3,0
19841,0,0,0,0,0,0,2,0
19842,0,0,0,0,0,0,1,0
19843,0,0,0,0,0,0,3,0
19844,0,0,0,0,0,0,3,0
19845,0,0,0,0,0,0,2,0
19846,0,0,0,0,0,0,8,0
19847,0,0,0,0,0,0,3,0
19848,0,0,0,0,0,0,2,0
19849,0,0,0,0,0,0,1,0
19850,0,0,0,0,0,0,2,0
19851,0,0,0,0,0,0,4,0
19852,0,0,0,0,0,0,1,0
19853,0,0,0,0,0,0,1,0
19854,0,0,0,0,0,0,3,0
19855,0,0,0,0,0,0,1,0
19856,0,0,0,0,0,0,0,0
19857,0,0,0,0,0,0,0,0
19858,0,0,0,0,0,0,0,0
19859,0,0,0,0,0,0,0,0
19860,0,0,0,0,0,0,0,0
19861,0,0,0,0,0,0,0,0
19862,0,0,0,0,0,0,0,0
19863,0,0,0,0,0,0,0,0
19864,0,0,0,0,0,0,2,0
19865,0,0,0,0,0,0,1,0
19866,0,0,0,0,0,0,1,0
19867,0,0,0,0,0,0,0,0
19868,0,0,0,0,0,0,0,0
19869,0,0,0,0,0,0,0,0
19870,0,0,0,0,0,0,0,0
19871,0,0,0,0,0,0,0,0
19872,0,0,0,0,0,0,0,0
19873,0,0,0,0,0,0,0,0
19874,0,0,0,0,0,0,1,0
19875,0,0,0,0,0,0,0,0
19876,0,0,0,0,0,0,0,0
19877,0,0,0,0,0,0,0,0
19878,0,0,0,0,0,0,0,0
19879,0,0,0,0,0,0,0,0
19880,0,0,0,0,0,0,0,0
19881,0,0,0,0,0,0,0,0
19882,0,0,0,0,0,0,0,0
19883,0,0,0,0,0,0,0,0
19884,0,0,0,0,0,0,0,0
19885,1,1,0,0,1,1,0,0
19886,1,1,0,0,1,1,0,0
19887,0,0,0,0,0,0,0,0
19888,0,0,0,0,0,0,0,0
19889,0,0,0,0,0,0,0,0
19890,0,0,0,0,0,0,0,0
19891,0,0,0,0,0,0,0,0
19892,1,1,0,0,1,1,0,0
19893,0,0,0,0,0,0,0,0
19894,0,0,0,0,0,0,0,0
19895,0,0,0,0,0,0,0,0
19896,0,0,0,0,0,0,0,0
19897,0,0,0,0,0,0,0,0
19898,0,0,0,0,0,0,0,0
19899,0,0,0,0,0,0,0,0
19900,0,0,0,0,0,0,0,0
19901,0,0,0,0,0,0,0,0
19902,0,0,0,0,0,0,0,0
19903,0,0,0,0,0,0,0,1
19904,0,0,0,0,0,0,0,1
19905,0,0,0,0,0,0,1,1
19906,0,0,0,0,0,0,5,1
19907,0,0,0,0,0,0,5,1
19908,0,0,0,0,0,0,1,1
19909,0,0,0,0,0,0,4,1
19910,0,0,0,0,0,0,1,1
19911,0,0,0,0,0,0,1,1
19912,0,0,0,0,0,0,1,1
19913,0,0,0,0,0,0,3,1
19914,1,1,0,1,1,0,1,1
19915,0,0,0,0,0,0,1,1
19916,0,0,0,0,0,0,7,1
19917,0,0,0,0,0,0,4,1
19918,0,0,0,0,0,0,1,1
19919,0,0,0,0,0,0,5,1
19920,1,1,0,0,1,1,2,1
19921,0,0,0,0,0,0,0,1
19922,0,0,0,0,0,0,4,1
19923,1,1,0,0,1,1,1,1
19924,0,0,0,0,0,0,1,1
19925,0,0,0,0,0,0,0,1
19926,0,0,0,0,0,0,0,1
19927,0,0,0,0,0,0,3,1
19928,0,0,0,0,0,0,0,1
19929,0,0,0,0,0,0,0,1
19930,0,0,0,0,0,0,0,1
19931,0,0,0,0,0,0,5,1
19932,0,0,0,0,0,0,0,0
19933,0,0,0,0,0,0,0,0
19934,0,0,0,0,0,0,0,0
19935,0,0,0,0,0,0,0,0
19936,0,0,0,0,0,0,1,0
19937,0,0,0,0,0,0,1,0
19938,0,0,0,0,0,0,1,0
19939,0,0,0,0,0,0,6,0
19940,1,0,0,0,0,0,7,0
19941,0,1,0,0,1,1,1,0
19942,0,0,0,0,0,0,1,0
19943,0,0,0,0,0,0,1,0
19944,0,0,0,0,0,0,0,0
19945,0,0,0,0,0,0,4,0
19946,0,0,0,0,0,0,1,0
19947,0,0,0,0,0,0,1,0
19948,0,0,0,0,0,0,0,0
19949,0,0,0,0,0,0,0,0
19950,0,0,0,0,0,0,2,0
19951,0,0,0,0,0,0,1,0
19952,0,0,0,0,0,0,0,0
19953,0,0,0,0,0,0,2,0
19954,0,0,0,0,0,0,2,0
19955,0,0,0,0,0,0,1,0
19956,0,0,0,0,0,0,1,0
19957,0,0,0,0,0,0,0,0
19958,0,0,0,0,0,0,0,0
19959,0,0,0,0,0,0,5,0
19960,0,0,0,0,0,0,1,0
19961,0,0,0,0,0,0,3,0
19962,0,0,0,0,0,0,2,0
19963,0,0,0,0,0,0,2,0
19964,0,0,0,0,0,0,0,0
19965,0,0,0,0,0,0,1,0
19966,0,0,0,0,0,0,0,0
19967,0,0,0,0,0,0,2,0
19968,0,0,0,0,0,0,2,0
19969,0,0,0,0,0,0,0,0
19970,0,0,0,0,0,0,1,0
19971,0,0,0,0,0,0,0,0
19972,0,0,0,0,0,0,0,0
19973,0,0,0,0,0,0,3,0
19974,0,0,0,0,0,0,1,0
19975,0,0,0,0,0,0,3,0
19976,0,0,0,0,0,0,2,0
19977,0,0,0,0,0,0,4,0
19978,0,0,0,0,0,0,1,0
19979,0,0,0,0,0,0,0,0
19980,0,0,0,0,0,0,1,0
19981,0,0,0,0,0,0,3,0
19982,0,0,0,0,0,0,4,0
19983,0,0,0,0,0,0,5,0
19984,0,0,0,0,0,0,5,0
19985,0,0,0,0,0,0,0,0
19986,0,0,0,0,0,0,5,0
19987,0,0,0,0,0,0,1,0
19988,0,0,0,0,0,0,4,0
19989,0,0,0,0,0,0,1,0
19990,1,1,0,0,1,1,2,0
19991,0,0,0,0,0,0,3,0
19992,0,0,0,0,0,0,0,0
19993,0,0,0,0,0,0,1,0
19994,1,1,1,0,0,1,4,0
19995,0,0,0,0,0,0,0,0
19996,0,0,0,0,0,0,1,0
19997,0,0,0,0,0,0,1,0
19998,0,0,0,0,0,0,2,0
19999,0,0,0,0,0,0,3,0
20000,0,0,0,0,0,0,0,0
20001,1,1,1,0,0,1,0,0
20002,1,1,1,0,0,1,0,0
20003,2,2,2,0,0,2,0,0
20004,1,0,0,0,0,0,0,0
20005,1,1,1,0,0,1,2,0
20006,0,0,0,0,0,0,4,0
20007,2,2,2,2,0,0,1,0
20008,0,0,0,0,0,0,3,0
20009,0,0,0,0,0,0,0,0
20010,0,0,0,0,0,0,2,0
20011,0,0,0,0,0,0,0,0
20012,0,0,0,0,0,0,4,0
20013,0,0,0,0,0,0,5,0
20014,0,0,0,0,0,0,2,0
20015,0,0,0,0,0,0,5,0
20016,0,0,0,0,0,0,2,0
20017,0,0,0,0,0,0,2,0
20018,0,0,0,0,0,0,3,0
20019,0,0,0,0,0,0,1,0
20020,0,0,0,0,0,0,0,0
20021,0,0,0,0,0,0,1,0
20022,0,0,0,0,0,0,2,0
20023,0,0,0,0,0,0,1,0
20024,0,0,0,0,0,0,1,0
20025,0,0,0,0,0,0,2,0
20026,1,1,1,1,0,0,3,0
20027,0,0,0,0,0,0,0,0
20028,0,0,0,0,0,0,1,0
20029,0,0,0,0,0,0,2,0
20030,0,0,0,0,0,0,0,0
20031,0,0,0,0,0,0,0,0
20032,0,0,0,0,0,0,4,0
20033,0,0,0,0,0,0,1,0
20034,0,0,0,0,0,0,2,0
20035,0,0,0,0,0,0,2,0
20036,0,0,0,0,0,0,5,0
20037,0,0,0,0,0,0,1,0
20038,1,1,0,0,1,1,2,0
20039,0,0,0,0,0,0,4,0
20040,0,0,0,0,0,0,0,0
20041,0,0,0,0,0,0,1,0
20042,0,0,0,0,0,0,2,0
20043,0,0,0,0,0,0,2,0
20044,0,0,0,0,0,0,2,0
20045,0,0,0,0,0,0,2,0
20046,0,0,0,0,0,0,1,0
20047,1,1,0,0,1,1,2,0
20048,0,0,0,0,0,0,4,0
20049,0,0,0,0,0,0,1,0
20050,0,0,0,0,0,0,1,0
20051,0,0,0,0,0,0,4,0
20052,0,0,0,0,0,0,1,0
20053,1,0,0,0,0,0,2,0
20054,0,0,0,0,0,0,0,0
20055,0,0,0,0,0,0,4,0
20056,0,0,0,0,0,0,1,0
20057,0,0,0,0,0,0,0,0
20058,0,0,0,0,0,0,1,0
20059,0,0,0,0,0,0,2,0
20060,0,0,0,0,0,0,2,0
20061,0,0,0,0,0,0,4,0
20062,0,0,0,0,0,0,0,0
20063,0,1,0,1,1,0,2,0
20064,1,0,0,0,0,0,2,0
20065,0,0,0,0,0,0,1,0
20066,0,0,0,0,0,0,3,0
20067,0,0,0,0,0,0,2,0
20068,0,0,0,0,0,0,2,0
20069,0,0,0,0,0,0,3,0
20070,0,0,0,0,0,0,0,0
20071,0,0,0,0,0,0,2,0
20072,0,0,0,0,0,0,0,0
20073,0,0,0,0,0,0,1,0
20074,0,0,0,0,0,0,2,0
20075,0,0,0,0,0,0,3,0
20076,0,0,0,0,0,0,5,0
20077,1,1,0,0,1,1,8,0
20078,0,0,0,0,0,0,2,0
20079,0,0,0,0,0,0,0,0
20080,0,0,0,0,0,0,1,0
20081,0,0,0,0,0,0,3,0
20082,0,0,0,0,0,0,4,0
20083,2,1,0,0,1,1,5,0
20084,0,0,0,0,0,0,3,0
20085,0,0,0,0,0,0,3,0
20086,0,0,0,0,0,0,0,0
20087,0,0,0,0,0,0,1,0
20088,0,0,0,0,0,0,4,0
20089,0,0,0,0,0,0,3,0
20090,0,0,0,0,0,0,1,0
20091,0,0,0,0,0,0,3,0
20092,1,1,0,0,1,1,0,0
20093,0,0,0,0,0,0,1,0
20094,0,0,0,0,0,0,1,0
20095,0,0,0,0,0,0,3,0
20096,0,0,0,0,0,0,0,0
20097,0,0,0,0,0,0,1,0
20098,0,0,0,0,0,0,0,0
20099,0,0,0,0,0,0,0,0
20100,0,0,0,0,0,0,0,0
20101,0,0,0,0,0,0,0,0
20102,0,0,0,0,0,0,3,0
20103,2,1,1,1,0,0,1,0
20104,0,0,0,0,0,0,2,0
20105,0,0,0,0,0,0,0,0
20106,0,0,0,0,0,0,2,0
20107,1,0,0,0,0,0,4,0
20108,0,0,0,0,0,0,2,0
20109,0,0,0,0,0,0,1,0
20110,0,0,0,0,0,0,0,0
20111,0,0,0,0,0,0,1,0
20112,0,0,0,0,0,0,0,0
20113,0,0,0,0,0,0,6,0
20114,0,0,0,0,0,0,4,0
20115,0,0,0,0,0,0,3,0
20116,1,0,0,0,0,0,0,0
20117,0,1,1,0,0,1,1,0
20118,0,0,0,0,0,0,0,0
20119,0,0,0,0,0,0,0,0
20120,0,0,0,0,0,0,0,0
20121,0,0,0,0,0,0,0,0
20122,0,0,0,0,0,0,0,0
20123,0,0,0,0,0,0,3,0
20124,0,0,0,0,0,0,4,0
20125,0,0,0,0,0,0,1,0
20126,0,0,0,0,0,0,5,0
20127,0,0,0,0,0,0,3,0
20128,0,0,0,0,0,0,3,0
20129,0,0,0,0,0,0,0,0
20130,0,0,0,0,0,0,1,0
20131,0,0,0,0,0,0,1,0
20132,0,0,0,0,0,0,2,0
20133,0,0,0,0,0,0,2,0
20134,0,0,0,0,0,0,0,0
20135,0,0,0,0,0,0,1,0
20136,0,0,0,0,0,0,2,0
20137,0,0,0,0,0,0,2,0
20138,0,0,0,0,0,0,0,0
20139,0,0,0,0,0,0,4,0
20140,0,0,0,0,0,0,4,0
20141,0,0,0,0,0,0,2,0
20142,0,0,0,0,0,0,1,0
20143,0,0,0,0,0,0,2,0
20144,0,0,0,0,0,0,2,0
20145,0,0,0,0,0,0,0,0
20146,0,0,0,0,0,0,0,0
20147,0,0,0,0,0,0,1,0
20148,0,0,0,0,0,0,2,0
20149,0,0,0,0,0,0,1,0
20150,0,0,0,0,0,0,1,0
20151,0,0,0,0,0,0,3,0
20152,0,0,0,0,0,0,0,0
20153,0,0,0,0,0,0,1,0
20154,0,0,0,0,0,0,0,0
20155,0,0,0,0,0,0,1,0
20156,0,0,0,0,0,0,0,0
20157,0,0,0,0,0,0,0,0
20158,0,0,0,0,0,0,0,0
20159,0,0,0,0,0,0,3,0
20160,0,0,0,0,0,0,4,0
20161,0,0,0,0,0,0,0,0
20162,0,0,0,0,0,0,0,0
20163,0,0,0,0,0,0,0,0
20164,0,0,0,0,0,0,0,0
20165,1,0,0,0,0,0,3,0
20166,0,0,0,0,0,0,1,0
20167,0,0,0,0,0,0,0,0
20168,0,0,0,0,0,0,1,0
20169,0,0,0,0,0,0,0,0
20170,0,0,0,0,0,0,0,0
20171,0,0,0,0,0,0,1,0
20172,0,0,0,0,0,0,3,0
20173,0,0,0,0,0,0,2,0
20174,0,0,0,0,0,0,1,0
20175,0,0,0,0,0,0,2,0
20176,0,0,0,0,0,0,2,0
20177,0,0,0,0,0,0,0,0
20178,0,0,0,0,0,0,1,0
20179,0,0,0,0,0,0,0,0
20180,0,0,0,0,0,0,4,0
20181,0,0,0,0,0,0,2,0
20182,0,0,0,0,0,0,2,0
20183,0,0,0,0,0,0,0,0
20184,0,0,0,0,0,0,1,0
20185,0,0,0,0,0,0,1,0
20186,0,0,0,0,0,0,0,0
20187,0,0,0,0,0,0,2,0
20188,0,0,0,0,0,0,3,0
20189,0,0,0,0,0,0,0,0
20190,1,1,0,0,1,1,2,0
20191,0,0,0,0,0,0,2,0
20192,0,0,0,0,0,0,3,0
20193,0,0,0,0,0,0,4,0
20194,0,0,0,0,0,0,2,0
20195,0,0,0,0,0,0,2,0
20196,0,0,0,0,0,0,1,0
20197,0,0,0,0,0,0,2,0
20198,0,0,0,0,0,0,3,0
20199,0,0,0,0,0,0,0,0
20200,0,0,0,0,0,0,3,0
20201,0,0,0,0,0,0,1,0
20202,0,0,0,0,0,0,0,0
20203,0,0,0,0,0,0,3,0
20204,0,0,0,0,0,0,0,0
20205,0,0,0,0,0,0,0,0
20206,0,0,0,0,0,0,0,0
20207,0,0,0,0,0,0,3,0
20208,0,0,0,0,0,0,2,0
20209,0,0,0,0,0,0,7,0
20210,0,0,0,0,0,0,2,0
20211,0,0,0,0,0,0,2,0
20212,0,0,0,0,0,0,3,0
20213,0,0,0,0,0,0,0,0
20214,0,0,0,0,0,0,0,0
20215,0,0,0,0,0,0,0,0
20216,0,0,0,0,0,0,0,0
20217,0,0,0,0,0,0,0,0
20218,0,0,0,0,0,0,0,0
20219,0,0,0,0,0,0,0,0
20220,0,0,0,0,0,0,0,0
20221,0,0,0,0,0,0,0,0
20222,0,0,0,0,0,0,1,0
20223,0,0,0,0,0,0,1,0
20224,1,1,0,0,1,1,2,0
20225,0,0,0,0,0,0,0,0
20226,1,1,1,0,0,1,0,0
20227,0,0,0,0,0,0,0,0
20228,0,0,0,0,0,0,2,0
20229,0,0,0,0,0,0,4,0
20230,0,0,0,0,0,0,0,0
20231,0,0,0,0,0,0,0,0
20232,0,0,0,0,0,0,0,0
20233,0,0,0,0,0,0,0,0
20234,0,0,0,0,0,0,2,0
20235,0,0,0,0,0,0,3,0
20236,0,0,0,0,0,0,1,0
20237,0,0,0,0,0,0,1,0
20238,0,0,0,0,0,0,0,0
20239,0,0,0,0,0,0,0,0
20240,1,1,0,0,1,1,1,0
20241,0,0,0,0,0,0,1,0
20242,0,0,0,0,0,0,2,0
20243,0,0,0,0,0,0,0,0
20244,0,0,0,0,0,0,2,0
20245,1,1,0,0,1,1,1,0
20246,0,0,0,0,0,0,1,0
20247,0,0,0,0,0,0,1,0
20248,0,0,0,0,0,0,1,0
20249,0,0,0,0,0,0,1,0
20250,0,0,0,0,0,0,3,0
20251,0,0,0,0,0,0,1,0
20252,0,0,0,0,0,0,2,0
20253,0,0,0,0,0,0,0,0
20254,0,0,0,0,0,0,0,0
20255,0,0,0,0,0,0,3,0
20256,0,0,0,0,0,0,1,0
20257,0,0,0,0,0,0,0,1
20258,0,0,0,0,0,0,1,1
20259,0,0,0,0,0,0,0,1
20260,0,0,0,0,0,0,1,1
20261,0,0,0,0,0,0,0,1
20262,0,0,0,0,0,0,0,1
20263,0,0,0,0,0,0,0,1
20264,0,0,0,0,0,0,0,1
20265,0,0,0,0,0,0,1,1
20266,0,0,0,0,0,0,0,1
20267,0,0,0,0,0,0,2,1
20268,0,0,0,0,0,0,0,1
20269,0,0,0,0,0,0,1,1
20270,0,0,0,0,0,0,0,1
20271,0,0,0,0,0,0,2,1
20272,0,0,0,0,0,0,0,1
20273,0,0,0,0,0,0,0,1
20274,0,0,0,0,0,0,0,1
20275,0,0,0,0,0,0,0,1
20276,0,0,0,0,0,0,2,1
20277,0,0,0,0,0,0,0,1
20278,0,0,0,0,0,0,0,1
20279,0,0,0,0,0,0,1,1
20280,0,0,0,0,0,0,0,1
20281,0,0,0,0,0,0,2,1
20282,0,0,0,0,0,0,1,1
20283,0,0,0,0,0,0,1,1
20284,0,0,0,0,0,0,1,1
20285,0,0,0,0,0,0,2,1
20286,0,0,0,0,0,0,0,0
20287,0,0,0,0,0,0,0,0
20288,0,0,0,0,0,0,0,0
20289,0,0,0,0,0,0,1,0
20290,0,0,0,0,0,0,1,0
20291,0,0,0,0,0,0,1,0
20292,0,0,0,0,0,0,0,0
20293,0,0,0,0,0,0,0,0
20294,0,0,0,0,0,0,3,0
20295,0,0,0,0,0,0,1,0
20296,0,0,0,0,0,0,0,0
20297,0,0,0,0,0,0,1,0
20298,0,0,0,0,0,0,1,0
20299,0,0,0,0,0,0,3,0
20300,0,0,0,0,0,0,1,0
20301,0,0,0,0,0,0,1,0
20302,0,0,0,0,0,0,1,0
20303,0,0,0,0,0,0,1,0
20304,0,0,0,0,0,0,0,0
20305,0,0,0,0,0,0,0,0
20306,1,1,0,0,1,1,1,0
20307,0,0,0,0,0,0,0,0
20308,0,0,0,0,0,0,1,0
20309,0,0,0,0,0,0,0,0
20310,0,0,0,0,0,0,1,0
20311,0,0,0,0,0,0,0,0
20312,0,0,0,0,0,0,1,0
20313,0,0,0,0,0,0,1,0
20314,0,0,0,0,0,0,1,0
20315,0,0,0,0,0,0,0,0
20316,0,0,0,0,0,0,1,0
20317,0,0,0,0,0,0,6,0
20318,0,0,0,0,0,0,2,0
20319,0,0,0,0,0,0,3,0
20320,0,0,0,0,0,0,2,0
20321,0,0,0,0,0,0,1,0
20322,0,0,0,0,0,0,2,0
20323,0,0,0,0,0,0,0,0
20324,0,0,0,0,0,0,3,0
20325,0,0,0,0,0,0,2,0
20326,0,0,0,0,0,0,1,0
20327,0,0,0,0,0,0,0,0
20328,0,0,0,0,0,0,1,0
20329,0,0,0,0,0,0,2,0
20330,0,0,0,0,0,0,0,0
20331,0,0,0,0,0,0,0,0
20332,1,1,1,0,0,1,3,0
20333,0,0,0,0,0,0,3,0
20334,0,0,0,0,0,0,0,0
20335,0,0,0,0,0,0,0,0
20336,0,0,0,0,0,0,1,0
20337,0,0,0,0,0,0,0,0
20338,0,0,0,0,0,0,2,0
20339,0,0,0,0,0,0,2,0
20340,0,0,0,0,0,0,0,0
20341,0,0,0,0,0,0,2,0
20342,0,0,0,0,0,0,1,0
20343,0,0,0,0,0,0,0,0
20344,0,0,0,0,0,0,1,0
20345,0,0,0,0,0,0,1,0
20346,0,0,0,0,0,0,0,0
20347,0,0,0,0,0,0,1,0
20348,0,0,0,0,0,0,0,0
20349,0,0,0,0,0,0,1,0
20350,0,0,0,0,0,0,4,0
20351,0,0,0,0,0,0,1,0
20352,0,0,0,0,0,0,0,0
20353,0,0,0,0,0,0,3,0
20354,0,0,0,0,0,0,2,0
20355,0,0,0,0,0,0,0,0
20356,0,0,0,0,0,0,1,0
20357,0,0,0,0,0,0,0,0
20358,0,0,0,0,0,0,1,0
20359,0,0,0,0,0,0,1,0
20360,0,0,0,0,0,0,2,0
20361,0,0,0,0,0,0,2,0
20362,0,0,0,0,0,0,3,0
20363,0,0,0,0,0,0,4,0
20364,0,0,0,0,0,0,1,0
20365,0,0,0,0,0,0,0,0
20366,0,0,0,0,0,0,1,0
20367,0,0,0,0,0,0,3,0
20368,0,0,0,0,0,0,1,0
20369,0,0,0,0,0,0,3,0
20370,0,0,0,0,0,0,2,0
20371,0,0,0,0,0,0,4,0
20372,0,0,0,0,0,0,1,0
20373,0,0,0,0,0,0,1,0
20374,0,0,0,0,0,0,2,0
20375,0,0,0,0,0,0,0,0
20376,0,0,0,0,0,0,2,0
20377,0,0,0,0,0,0,3,0
20378,0,0,0,0,0,0,4,0
20379,0,0,0,0,0,0,3,0
20380,0,0,0,0,0,0,2,0
20381,0,0,0,0,0,0,1,0
20382,0,0,0,0,0,0,4,0
20383,0,0,0,0,0,0,4,0
20384,0,0,0,0,0,0,1,0
20385,0,0,0,0,0,0,0,0
20386,0,0,0,0,0,0,1,0
20387,0,0,0,0,0,0,0,0
20388,0,0,0,0,0,0,0,0
20389,0,0,0,0,0,0,2,0
20390,0,0,0,0,0,0,1,0
20391,0,0,0,0,0,0,1,0
20392,0,0,0,0,0,0,0,0
20393,0,0,0,0,0,0,0,0
20394,0,0,0,0,0,0,0,0
20395,0,0,0,0,0,0,1,0
20396,0,0,0,0,0,0,1,0
20397,0,0,0,0,0,0,0,0
20398,0,0,0,0,0,0,0,0
20399,0,0,0,0,0,0,3,0
20400,0,0,0,0,0,0,0,0
20401,0,0,0,0,0,0,2,0
20402,0,0,0,0,0,0,5,0
20403,0,0,0,0,0,0,0,0
20404,0,0,0,0,0,0,0,0
20405,0,0,0,0,0,0,1,0
20406,0,0,0,0,0,0,2,0
20407,0,0,0,0,0,0,0,0
20408,0,0,0,0,0,0,0,0
20409,0,0,0,0,0,0,2,0
20410,0,0,0,0,0,0,1,0
20411,0,0,0,0,0,0,2,0
20412,0,0,0,0,0,0,2,0
20413,0,0,0,0,0,0,0,0
20414,0,0,0,0,0,0,0,0
20415,0,0,0,0,0,0,0,0
20416,0,0,0,0,0,0,1,0
20417,0,0,0,0,0,0,0,0
20418,0,0,0,0,0,0,0,0
20419,0,0,0,0,0,0,4,0
20420,0,0,0,0,0,0,1,0
20421,0,0,0,0,0,0,0,0
20422,0,0,0,0,0,0,0,0
20423,0,0,0,0,0,0,1,0
20424,0,0,0,0,0,0,0,0
20425,0,0,0,0,0,0,0,0
20426,0,0,0,0,0,0,1,0
20427,0,0,0,0,0,0,0,0
20428,0,0,0,0,0,0,0,0
20429,0,0,0,0,0,0,0,0
20430,0,0,0,0,0,0,1,0
20431,0,0,0,0,0,0,1,0
20432,0,0,0,0,0,0,0,0
20433,0,0,0,0,0,0,3,0
20434,0,0,0,0,0,0,1,0
20435,0,0,0,0,0,0,0,0
20436,0,0,0,0,0,0,2,0
20437,0,0,0,0,0,0,3,0
20438,0,0,0,0,0,0,1,0
20439,0,0,0,0,0,0,0,0
20440,0,0,0,0,0,0,4,0
20441,0,0,0,0,0,0,1,0
20442,0,0,0,0,0,0,1,0
20443,0,0,0,0,0,0,0,0
20444,0,0,0,0,0,0,0,0
20445,0,0,0,0,0,0,1,0
20446,0,0,0,0,0,0,1,0
20447,0,0,0,0,0,0,0,0
20448,0,0,0,0,0,0,1,0
20449,0,0,0,0,0,0,1,0
20450,0,0,0,0,0,0,0,0
20451,0,0,0,0,0,0,1,0
20452,0,0,0,0,0,0,1,0
20453,0,0,0,0,0,0,1,0
20454,0,0,0,0,0,0,2,0
20455,0,0,0,0,0,0,2,0
20456,0,0,0,0,0,0,2,0
20457,0,0,0,0,0,0,1,0
20458,0,0,0,0,0,0,1,0
20459,0,0,0,0,0,0,0,0
20460,0,0,0,0,0,0,1,0
20461,0,0,0,0,0,0,4,0
20462,1,1,1,1,0,0,1,0
20463,0,0,0,0,0,0,0,0
20464,0,0,0,0,0,0,0,0
20465,0,0,0,0,0,0,2,0
20466,0,0,0,0,0,0,1,0
20467,0,0,0,0,0,0,1,0
20468,0,0,0,0,0,0,9,0
20469,0,0,0,0,0,0,2,0
20470,0,0,0,0,0,0,0,0
20471,0,0,0,0,0,0,1,0
20472,0,0,0,0,0,0,2,0
20473,0,0,0,0,0,0,1,0
20474,0,0,0,0,0,0,3,0
20475,0,0,0,0,0,0,3,0
20476,0,0,0,0,0,0,2,0
20477,0,0,0,0,0,0,4,0
20478,0,0,0,0,0,0,4,0
20479,0,0,0,0,0,0,2,0
20480,0,0,0,0,0,0,2,0
20481,0,0,0,0,0,0,1,0
20482,0,0,0,0,0,0,2,0
20483,0,0,0,0,0,0,1,0
20484,0,0,0,0,0,0,3,0
20485,0,0,0,0,0,0,0,0
20486,0,0,0,0,0,0,4,0
20487,0,0,0,0,0,0,2,0
20488,0,0,0,0,0,0,2,0
20489,0,0,0,0,0,0,1,0
20490,0,0,0,0,0,0,0,0
20491,0,0,0,0,0,0,4,0
20492,0,0,0,0,0,0,0,0
20493,0,0,0,0,0,0,1,0
20494,0,0,0,0,0,0,0,0
20495,0,0,0,0,0,0,1,0
20496,0,0,0,0,0,0,1,0
20497,0,0,0,0,0,0,0,0
20498,0,0,0,0,0,0,1,0
20499,0,0,0,0,0,0,2,0
20500,0,0,0,0,0,0,3,0
20501,0,0,0,0,0,0,1,0
20502,0,0,0,0,0,0,2,0
20503,0,0,0,0,0,0,1,0
20504,0,0,0,0,0,0,2,0
20505,0,0,0,0,0,0,0,0
20506,1,1,1,0,0,1,0,0
20507,0,0,0,0,0,0,3,0
20508,0,0,0,0,0,0,1,0
20509,0,0,0,0,0,0,1,0
20510,0,0,0,0,0,0,3,0
20511,0,0,0,0,0,0,3,0
20512,0,0,0,0,0,0,2,0
20513,0,0,0,0,0,0,3,0
20514,0,0,0,0,0,0,1,0
20515,0,0,0,0,0,0,1,0
20516,0,0,0,0,0,0,1,0
20517,0,0,0,0,0,0,3,0
20518,0,0,0,0,0,0,0,0
20519,0,0,0,0,0,0,2,0
20520,0,0,0,0,0,0,0,0
20521,0,0,0,0,0,0,1,0
20522,0,0,0,0,0,0,0,0
20523,0,0,0,0,0,0,1,0
20524,0,0,0,0,0,0,0,0
20525,0,0,0,0,0,0,0,0
20526,0,0,0,0,0,0,1,0
20527,0,0,0,0,0,0,1,0
20528,0,0,0,0,0,0,1,0
20529,0,0,0,0,0,0,0,0
20530,0,0,0,0,0,0,1,0
20531,0,0,0,0,0,0,3,0
20532,0,0,0,0,0,0,0,0
20533,0,0,0,0,0,0,1,0
20534,0,0,0,0,0,0,1,0
20535,0,0,0,0,0,0,1,0
20536,0,0,0,0,0,0,0,0
20537,0,0,0,0,0,0,1,0
20538,0,0,0,0,0,0,1,0
20539,0,0,0,0,0,0,0,0
20540,0,0,0,0,0,0,0,0
20541,0,0,0,0,0,0,1,0
20542,0,0,0,0,0,0,1,0
20543,0,0,0,0,0,0,2,0
20544,0,0,0,0,0,0,1,0
20545,0,0,0,0,0,0,1,0
20546,0,0,0,0,0,0,4,0
20547,0,0,0,0,0,0,1,0
20548,0,0,0,0,0,0,2,0
20549,0,0,0,0,0,0,1,0
20550,0,0,0,0,0,0,1,0
20551,0,0,0,0,0,0,1,0
20552,0,0,0,0,0,0,0,0
20553,0,0,0,0,0,0,2,0
20554,0,0,0,0,0,0,1,0
20555,0,0,0,0,0,0,0,0
20556,0,0,0,0,0,0,2,0
20557,0,0,0,0,0,0,0,0
20558,0,0,0,0,0,0,2,0
20559,0,0,0,0,0,0,1,0
20560,0,0,0,0,0,0,1,0
20561,0,0,0,0,0,0,0,0
20562,0,0,0,0,0,0,0,0
20563,0,0,0,0,0,0,0,0
20564,0,0,0,0,0,0,1,0
20565,0,0,0,0,0,0,0,0
20566,0,0,0,0,0,0,2,0
20567,0,0,0,0,0,0,2,0
20568,0,0,0,0,0,0,0,0
20569,0,0,0,0,0,0,1,0
20570,0,0,0,0,0,0,1,0
20571,0,0,0,0,0,0,1,0
20572,0,0,0,0,0,0,0,0
20573,0,0,0,0,0,0,0,0
20574,0,0,0,0,0,0,1,0
20575,0,0,0,0,0,0,2,0
20576,0,0,0,0,0,0,0,0
20577,0,0,0,0,0,0,3,0
20578,0,0,0,0,0,0,1,0
20579,0,0,0,0,0,0,1,0
20580,0,0,0,0,0,0,0,0
20581,0,0,0,0,0,0,0,0
20582,0,0,0,0,0,0,0,0
20583,0,0,0,0,0,0,1,0
20584,0,0,0,0,0,0,1,0
20585,0,0,0,0,0,0,0,0
20586,0,0,0,0,0,0,0,0
20587,0,0,0,0,0,0,2,0
20588,0,0,0,0,0,0,0,0
20589,0,0,0,0,0,0,0,0
20590,0,0,0,0,0,0,1,0
20591,0,0,0,0,0,0,1,0
20592,0,0,0,0,0,0,0,0
20593,0,0,0,0,0,0,0,0
20594,0,0,0,0,0,0,2,0
20595,1,1,1,1,0,0,1,0
20596,0,0,0,0,0,0,0,0
20597,0,0,0,0,0,0,1,0
20598,0,0,0,0,0,0,0,0
20599,0,0,0,0,0,0,3,0
20600,0,0,0,0,0,0,3,0
20601,0,0,0,0,0,0,1,0
20602,0,0,0,0,0,0,1,0
20603,0,0,0,0,0,0,1,0
20604,0,0,0,0,0,0,0,0
20605,0,0,0,0,0,0,1,0
20606,0,0,0,0,0,0,1,0
20607,0,0,0,0,0,0,0,0
20608,0,0,0,0,0,0,0,0
20609,0,0,0,0,0,0,1,0
20610,0,0,0,0,0,0,0,0
20611,0,0,0,0,0,0,0,1
20612,0,0,0,0,0,0,1,1
20613,0,0,0,0,0,0,2,1
20614,0,0,0,0,0,0,1,1
20615,0,0,0,0,0,0,0,1
20616,0,0,0,0,0,0,1,1
20617,0,0,0,0,0,0,1,1
20618,0,0,0,0,0,0,0,1
20619,0,0,0,0,0,0,2,1
20620,0,0,0,0,0,0,1,1
20621,0,0,0,0,0,0,0,1
20622,0,0,0,0,0,0,0,1
20623,0,0,0,0,0,0,1,1
20624,0,0,0,0,0,0,0,1
20625,0,0,0,0,0,0,0,1
20626,0,0,0,0,0,0,2,1
20627,0,0,0,0,0,0,1,1
20628,0,0,0,0,0,0,0,1
20629,0,0,0,0,0,0,0,1
20630,0,0,0,0,0,0,0,1
20631,0,0,0,0,0,0,1,1
20632,0,0,0,0,0,0,1,1
20633,0,0,0,0,0,0,1,1
20634,0,0,0,0,0,0,1,1
20635,0,0,0,0,0,0,0,1
20636,0,0,0,0,0,0,1,1
20637,0,0,0,0,0,0,1,1
20638,0,0,0,0,0,0,2,1
20639,0,0,0,0,0,0,0,1
20640,0,0,0,0,0,0,0,1
20641,0,0,0,0,0,0,0,0
20642,0,0,0,0,0,0,0,0
20643,0,0,0,0,0,0,0,0
20644,0,0,0,0,0,0,0,0
20645,0,0,0,0,0,0,0,0
20646,0,0,0,0,0,0,1,0
20647,0,0,0,0,0,0,0,0
20648,0,0,0,0,0,0,0,0
20649,0,0,0,0,0,0,1,0
20650,0,0,0,0,0,0,1,0
20651,0,0,0,0,0,0,0,0
20652,0,0,0,0,0,0,1,0
20653,0,0,0,0,0,0,1,0
20654,0,0,0,0,0,0,3,0
20655,0,0,0,0,0,0,0,0
20656,0,0,0,0,0,0,2,0
20657,0,0,0,0,0,0,0,0
20658,0,0,0,0,0,0,0,0
20659,0,0,0,0,0,0,0,0
20660,0,0,0,0,0,0,1,0
20661,0,0,0,0,0,0,1,0
20662,0,0,0,0,0,0,0,0
20663,0,0,0,0,0,0,2,0
20664,0,0,0,0,0,0,1,0
20665,0,0,0,0,0,0,0,0
20666,0,0,0,0,0,0,0,0
20667,0,0,0,0,0,0,0,0
20668,0,0,0,0,0,0,3,0
20669,0,0,0,0,0,0,1,0
20670,0,0,0,0,0,0,0,0
20671,0,0,0,0,0,0,0,0
20672,0,0,0,0,0,0,3,0
20673,0,0,0,0,0,0,0,0
20674,0,0,0,0,0,0,0,0
20675,0,0,0,0,0,0,0,0
20676,0,0,0,0,0,0,2,0
20677,0,0,0,0,0,0,0,0
20678,0,0,0,0,0,0,1,0
20679,0,0,0,0,0,0,0,0
20680,0,0,0,0,0,0,1,0
20681,0,0,0,0,0,0,0,0
20682,0,0,0,0,0,0,1,0
20683,0,0,0,0,0,0,0,0
20684,0,0,0,0,0,0,1,0
20685,0,0,0,0,0,0,0,0
20686,0,0,0,0,0,0,1,0
20687,0,0,0,0,0,0,2,0
20688,0,0,0,0,0,0,4,0
20689,0,0,0,0,0,0,0,0
20690,0,0,0,0,0,0,0,0
20691,0,0,0,0,0,0,1,0
20692,0,0,0,0,0,0,1,0
20693,0,0,0,0,0,0,1,0
20694,0,0,0,0,0,0,0,0
20695,0,0,0,0,0,0,1,0
20696,0,0,0,0,0,0,1,0
20697,0,0,0,0,0,0,1,0
20698,0,0,0,0,0,0,1,0
20699,0,0,0,0,0,0,2,0
20700,0,0,0,0,0,0,5,0
20701,0,0,0,0,0,0,1,0
20702,0,0,0,0,0,0,3,0
20703,0,0,0,0,0,0,0,0
20704,0,0,0,0,0,0,1,0
20705,0,0,0,0,0,0,1,0
20706,0,0,0,0,0,0,4,0
20707,0,0,0,0,0,0,0,0
20708,0,0,0,0,0,0,0,0
20709,0,0,0,0,0,0,0,0
20710,0,0,0,0,0,0,0,0
20711,0,0,0,0,0,0,0,0
20712,0,0,0,0,0,0,0,0
20713,0,0,0,0,0,0,0,0
20714,0,0,0,0,0,0,0,0
20715,0,0,0,0,0,0,0,0
20716,0,0,0,0,0,0,1,0
20717,0,0,0,0,0,0,2,0
20718,0,0,0,0,0,0,5,0
20719,0,0,0,0,0,0,1,0
20720,0,0,0,0,0,0,1,0
20721,0,0,0,0,0,0,0,0
20722,0,0,0,0,0,0,0,0
20723,0,0,0,0,0,0,0,0
20724,0,0,0,0,0,0,0,0
20725,0,0,0,0,0,0,1,0
20726,0,0,0,0,0,0,0,0
20727,0,0,0,0,0,0,0,0
20728,0,0,0,0,0,0,2,0
20729,0,0,0,0,0,0,1,0
20730,0,0,0,0,0,0,2,0
20731,0,0,0,0,0,0,0,0
20732,0,0,0,0,0,0,0,0
20733,0,0,0,0,0,0,1,0
20734,0,0,0,0,0,0,0,0
20735,0,0,0,0,0,0,0,0
20736,0,0,0,0,0,0,0,0
20737,0,0,0,0,0,0,2,0
20738,0,0,0,0,0,0,2,0
20739,0,0,0,0,0,0,0,0
20740,0,0,0,0,0,0,0,0
20741,0,0,0,0,0,0,1,0
20742,0,0,0,0,0,0,0,0
20743,0,0,0,0,0,0,0,0
20744,0,0,0,0,0,0,0,0
20745,0,0,0,0,0,0,1,0
20746,0,0,0,0,0,0,2,0
20747,0,0,0,0,0,0,1,0
20748,0,0,0,0,0,0,0,0
20749,0,0,0,0,0,0,1,0
20750,0,0,0,0,0,0,1,0
20751,0,0,0,0,0,0,1,0
20752,0,0,0,0,0,0,0,0
20753,0,0,0,0,0,0,0,0
20754,0,0,0,0,0,0,1,0
20755,0,0,0,0,0,0,0,0
20756,0,0,0,0,0,0,0,0
20757,0,0,0,0,0,0,0,0
20758,0,0,0,0,0,0,1,0
20759,0,0,0,0,0,0,0,0
20760,0,0,0,0,0,0,2,0
20761,0,0,0,0,0,0,1,0
20762,0,0,0,0,0,0,1,0
20763,0,0,0,0,0,0,1,0
20764,0,0,0,0,0,0,3,0
20765,0,0,0,0,0,0,1,0
20766,0,0,0,0,0,0,1,0
20767,0,0,0,0,0,0,1,0
20768,0,0,0,0,0,0,0,0
20769,0,0,0,0,0,0,0,0
20770,0,0,0,0,0,0,0,0
20771,0,0,0,0,0,0,0,0
20772,0,0,0,0,0,0,0,0
20773,0,0,0,0,0,0,0,0
20774,0,0,0,0,0,0,0,0
20775,0,0,0,0,0,0,1,0
20776,0,0,0,0,0,0,1,0
20777,0,0,0,0,0,0,0,0
20778,0,0,0,0,0,0,0,0
20779,0,0,0,0,0,0,1,0
20780,0,0,0,0,0,0,1,0
20781,0,0,0,0,0,0,1,0
20782,0,0,0,0,0,0,0,0
20783,0,0,0,0,0,0,1,0
20784,0,0,0,0,0,0,0,0
20785,0,0,0,0,0,0,0,0
20786,0,0,0,0,0,0,1,0
20787,0,0,0,0,0,0,1,0
20788,0,0,0,0,0,0,0,0
20789,0,0,0,0,0,0,0,0
20790,0,0,0,0,0,0,0,0
20791,0,0,0,0,0,0,0,0
20792,0,0,0,0,0,0,1,0
20793,0,0,0,0,0,0,0,0
20794,0,0,0,0,0,0,0,0
20795,0,0,0,0,0,0,0,0
20796,0,0,0,0,0,0,3,0
20797,0,0,0,0,0,0,1,0
20798,0,0,0,0,0,0,1,0
20799,0,0,0,0,0,0,0,0
20800,0,0,0,0,0,0,0,0
20801,0,0,0,0,0,0,0,0
20802,0,0,0,0,0,0,0,0
20803,0,0,0,0,0,0,0,0
20804,0,0,0,0,0,0,0,0
20805,0,0,0,0,0,0,0,0
20806,0,0,0,0,0,0,0,0
20807,0,0,0,0,0,0,0,0
20808,0,0,0,0,0,0,1,0
20809,0,0,0,0,0,0,0,0
20810,0,0,0,0,0,0,0,0
20811,0,0,0,0,0,0,0,0
20812,0,0,0,0,0,0,0,0
20813,0,0,0,0,0,0,0,0
20814,0,0,0,0,0,0,1,0
20815,0,0,0,0,0,0,3,0
20816,0,0,0,0,0,0,0,0
20817,0,0,0,0,0,0,0,0
20818,0,0,0,0,0,0,1,0
20819,0,0,0,0,0,0,0,0
